"Invoice ID",Branch,"Unit price",Quantity,Total,Date,Time,"Cost of goods sold","gross margin percentage","gross income",Rating
750-67-8428,A,74.69,7,548.9715,1/5/2019,13:08,522.83,4.761904762,26.1415,9.1
226-31-3081,C,15.28,5,80.22,3/8/2019,10:29,76.4,4.761904762,3.82,9.6
631-41-3108,A,46.33,7,340.5255,3/3/2019,13:23,324.31,4.761904762,16.2155,7.4
123-19-1176,A,58.22,8,489.048,1/27/2019,20:33,465.76,4.761904762,23.288,8.4
373-73-7910,A,86.31,7,634.3785,2/8/2019,10:37,604.17,4.761904762,30.2085,5.3
699-14-3026,C,85.39,7,627.6165,3/25/2019,18:30,597.73,4.761904762,29.8865,4.1
355-53-5943,A,68.84,6,433.692,2/25/2019,14:36,413.04,4.761904762,20.652,5.8
315-22-5665,C,73.56,10,772.38,2/24/2019,11:38,735.6,4.761904762,36.78,8
665-32-9167,A,36.26,2,76.146,1/10/2019,17:15,72.52,4.761904762,3.626,7.2
692-92-5582,B,54.84,3,172.746,2/20/2019,13:27,164.52,4.761904762,8.226,5.9
351-62-0822,B,14.48,4,60.816,2/6/2019,18:07,57.92,4.761904762,2.896,4.5
529-56-3974,B,25.51,4,107.142,3/9/2019,17:03,102.04,4.761904762,5.102,6.8
365-64-0515,A,46.95,5,246.4875,2/12/2019,10:25,234.75,4.761904762,11.7375,7.1
252-56-2699,A,43.19,10,453.495,2/7/2019,16:48,431.9,4.761904762,21.595,8.2
829-34-3910,A,71.38,10,749.49,3/29/2019,19:21,713.8,4.761904762,35.69,5.7
299-46-1805,B,93.72,6,590.436,1/15/2019,16:19,562.32,4.761904762,28.116,4.5
656-95-9349,A,68.93,7,506.6355,3/11/2019,11:03,482.51,4.761904762,24.1255,4.6
765-26-6951,A,72.61,6,457.443,1/1/2019,10:39,435.66,4.761904762,21.783,6.9
329-62-1586,A,54.67,3,172.2105,1/21/2019,18:00,164.01,4.761904762,8.2005,8.6
319-50-3348,B,40.3,2,84.63,3/11/2019,15:30,80.6,4.761904762,4.03,4.4
300-71-4605,C,86.04,5,451.71,2/25/2019,11:24,430.2,4.761904762,21.51,4.8
371-85-5789,B,87.98,3,277.137,3/5/2019,10:40,263.94,4.761904762,13.197,5.1
273-16-6619,B,33.2,2,69.72,3/15/2019,12:20,66.4,4.761904762,3.32,4.4
636-48-8204,A,34.56,5,181.44,2/17/2019,11:15,172.8,4.761904762,8.64,9.9
549-59-1358,A,88.63,3,279.1845,3/2/2019,17:36,265.89,4.761904762,13.2945,6
227-03-5010,A,52.59,8,441.756,3/22/2019,19:20,420.72,4.761904762,21.036,8.5
649-29-6775,B,33.52,1,35.196,2/8/2019,15:31,33.52,4.761904762,1.676,6.7
189-17-4241,A,87.67,2,184.107,3/10/2019,12:17,175.34,4.761904762,8.767,7.7
145-94-9061,B,88.36,5,463.89,1/25/2019,19:48,441.8,4.761904762,22.09,9.6
848-62-7243,A,24.89,9,235.2105,3/15/2019,15:36,224.01,4.761904762,11.2005,7.4
871-79-8483,B,94.13,5,494.1825,2/25/2019,19:39,470.65,4.761904762,23.5325,4.8
149-71-6266,B,78.07,9,737.7615,1/28/2019,12:43,702.63,4.761904762,35.1315,4.5
640-49-2076,B,83.78,8,703.752,1/10/2019,14:49,670.24,4.761904762,33.512,5.1
595-11-5460,A,96.58,2,202.818,3/15/2019,10:12,193.16,4.761904762,9.658,5.1
183-56-6882,C,99.42,4,417.564,2/6/2019,10:42,397.68,4.761904762,19.884,7.5
232-16-2483,C,68.12,1,71.526,1/7/2019,12:28,68.12,4.761904762,3.406,6.8
129-29-8530,A,62.62,5,328.755,3/10/2019,19:15,313.1,4.761904762,15.655,7
272-65-1806,A,60.88,9,575.316,1/15/2019,17:17,547.92,4.761904762,27.396,4.7
333-73-7901,C,54.92,8,461.328,3/23/2019,13:24,439.36,4.761904762,21.968,7.6
777-82-7220,B,30.12,8,253.008,3/3/2019,13:01,240.96,4.761904762,12.048,7.7
280-35-5823,B,86.72,1,91.056,1/17/2019,18:45,86.72,4.761904762,4.336,7.9
554-53-8700,C,56.11,2,117.831,2/2/2019,10:11,112.22,4.761904762,5.611,6.3
354-25-5821,B,69.12,6,435.456,2/8/2019,13:03,414.72,4.761904762,20.736,5.6
228-96-1411,C,98.7,8,829.08,3/4/2019,20:39,789.6,4.761904762,39.48,7.6
617-15-4209,C,15.37,2,32.277,3/16/2019,19:47,30.74,4.761904762,1.537,7.2
132-32-9879,B,93.96,4,394.632,3/9/2019,18:00,375.84,4.761904762,18.792,9.5
370-41-7321,B,56.69,9,535.7205,2/27/2019,17:24,510.21,4.761904762,25.5105,8.4
727-46-3608,B,20.01,9,189.0945,2/6/2019,15:47,180.09,4.761904762,9.0045,4.1
669-54-1719,B,18.93,6,119.259,2/10/2019,12:45,113.58,4.761904762,5.679,8.1
574-22-5561,C,82.63,10,867.615,3/19/2019,17:08,826.3,4.761904762,41.315,7.9
326-78-5178,C,91.4,7,671.79,2/3/2019,10:19,639.8,4.761904762,31.99,9.5
162-48-8011,A,44.59,5,234.0975,2/10/2019,15:10,222.95,4.761904762,11.1475,8.5
616-24-2851,B,17.87,4,75.054,3/22/2019,14:42,71.48,4.761904762,3.574,6.5
778-71-5554,C,15.43,1,16.2015,1/25/2019,15:46,15.43,4.761904762,0.7715,6.1
242-55-6721,B,16.16,2,33.936,3/7/2019,11:49,32.32,4.761904762,1.616,6.5
399-46-5918,C,85.98,8,722.232,2/28/2019,19:01,687.84,4.761904762,34.392,8.2
106-35-6779,A,44.34,2,93.114,3/27/2019,11:26,88.68,4.761904762,4.434,5.8
635-40-6220,A,89.6,8,752.64,2/7/2019,11:28,716.8,4.761904762,35.84,6.6
817-48-8732,A,72.35,10,759.675,1/20/2019,15:55,723.5,4.761904762,36.175,5.4
120-06-4233,C,30.61,6,192.843,3/12/2019,20:36,183.66,4.761904762,9.183,9.3
285-68-5083,C,24.74,3,77.931,2/15/2019,17:47,74.22,4.761904762,3.711,10
803-83-5989,C,55.73,6,351.099,2/24/2019,10:55,334.38,4.761904762,16.719,7
347-34-2234,B,55.07,9,520.4115,2/3/2019,13:40,495.63,4.761904762,24.7815,10
199-75-8169,A,15.81,10,166.005,3/6/2019,12:27,158.1,4.761904762,7.905,8.6
853-23-2453,B,75.74,4,318.108,2/14/2019,14:35,302.96,4.761904762,15.148,7.6
877-22-3308,A,15.87,10,166.635,3/13/2019,16:40,158.7,4.761904762,7.935,5.8
838-78-4295,C,33.47,2,70.287,2/10/2019,15:43,66.94,4.761904762,3.347,6.7
109-28-2512,B,97.61,6,614.943,1/7/2019,15:01,585.66,4.761904762,29.283,9.9
232-11-3025,A,78.77,10,827.085,1/24/2019,10:04,787.7,4.761904762,39.385,6.4
382-03-4532,A,18.33,1,19.2465,2/2/2019,18:50,18.33,4.761904762,0.9165,4.3
393-65-2792,C,89.48,10,939.54,1/6/2019,12:46,894.8,4.761904762,44.74,9.6
796-12-2025,C,62.12,10,652.26,2/11/2019,16:19,621.2,4.761904762,31.06,5.9
510-95-6347,B,48.52,3,152.838,3/5/2019,18:17,145.56,4.761904762,7.278,4
841-35-6630,C,75.91,6,478.233,3/9/2019,18:21,455.46,4.761904762,22.773,8.7
287-21-9091,A,74.67,9,705.6315,1/22/2019,10:55,672.03,4.761904762,33.6015,9.4
732-94-0499,C,41.65,10,437.325,1/13/2019,17:04,416.5,4.761904762,20.825,5.4
263-10-3913,C,49.04,9,463.428,1/9/2019,14:20,441.36,4.761904762,22.068,8.6
381-20-0914,A,20.01,9,189.0945,1/12/2019,15:48,180.09,4.761904762,9.0045,5.7
829-49-1914,C,78.31,10,822.255,3/5/2019,16:24,783.1,4.761904762,39.155,6.6
756-01-7507,C,20.38,5,106.995,1/22/2019,18:56,101.9,4.761904762,5.095,6
870-72-4431,C,99.19,6,624.897,1/21/2019,14:42,595.14,4.761904762,29.757,5.5
847-38-7188,B,96.68,3,304.542,1/26/2019,19:56,290.04,4.761904762,14.502,6.4
480-63-2856,C,19.25,8,161.7,1/23/2019,18:37,154,4.761904762,7.7,6.6
787-56-0757,C,80.36,4,337.512,2/23/2019,18:45,321.44,4.761904762,16.072,8.3
360-39-5055,C,48.91,5,256.7775,3/9/2019,10:17,244.55,4.761904762,12.2275,6.6
730-50-9884,C,83.06,7,610.491,3/5/2019,14:31,581.42,4.761904762,29.071,4
362-58-8315,C,76.52,5,401.73,3/25/2019,10:23,382.6,4.761904762,19.13,9.9
633-44-8566,A,49.38,7,362.943,3/27/2019,20:35,345.66,4.761904762,17.283,7.3
504-35-8843,A,42.47,1,44.5935,1/2/2019,16:57,42.47,4.761904762,2.1235,5.7
318-68-5053,B,76.99,6,485.037,2/27/2019,17:55,461.94,4.761904762,23.097,6.1
565-80-5980,C,47.38,4,198.996,1/23/2019,10:25,189.52,4.761904762,9.476,7.1
225-32-0908,C,44.86,10,471.03,1/26/2019,19:54,448.6,4.761904762,22.43,8.2
873-51-0671,A,21.98,7,161.553,1/10/2019,16:42,153.86,4.761904762,7.693,5.1
152-08-9985,B,64.36,9,608.202,3/12/2019,12:09,579.24,4.761904762,28.962,8.6
512-91-0811,C,89.75,1,94.2375,2/6/2019,20:05,89.75,4.761904762,4.4875,6.6
594-34-4444,A,97.16,1,102.018,3/8/2019,20:38,97.16,4.761904762,4.858,7.2
766-85-7061,B,87.87,10,922.635,3/29/2019,10:25,878.7,4.761904762,43.935,5.1
871-39-9221,C,12.45,6,78.435,2/9/2019,13:11,74.7,4.761904762,3.735,4.1
865-92-6136,A,52.75,3,166.1625,3/23/2019,10:16,158.25,4.761904762,7.9125,9.3
733-01-9107,B,82.7,6,521.01,3/5/2019,18:14,496.2,4.761904762,24.81,7.4
163-56-7055,C,48.71,1,51.1455,3/26/2019,19:20,48.71,4.761904762,2.4355,4.1
189-98-2939,C,78.55,9,742.2975,3/1/2019,13:22,706.95,4.761904762,35.3475,7.2
551-21-3069,C,23.07,9,218.0115,2/1/2019,11:27,207.63,4.761904762,10.3815,4.9
212-62-1842,A,58.26,6,367.038,3/28/2019,16:44,349.56,4.761904762,17.478,9.9
716-39-1409,B,30.35,7,223.0725,3/19/2019,18:19,212.45,4.761904762,10.6225,8
704-48-3927,A,88.67,10,931.035,1/12/2019,14:50,886.7,4.761904762,44.335,7.3
628-34-3388,C,27.38,6,172.494,1/5/2019,20:54,164.28,4.761904762,8.214,7.9
630-74-5166,A,62.13,6,391.419,3/22/2019,20:19,372.78,4.761904762,18.639,7.4
588-01-7461,C,33.98,9,321.111,3/24/2019,10:43,305.82,4.761904762,15.291,4.2
861-77-0145,C,81.97,10,860.685,3/3/2019,14:30,819.7,4.761904762,40.985,9.2
479-26-8945,B,16.49,2,34.629,2/5/2019,11:32,32.98,4.761904762,1.649,4.6
210-67-5886,C,98.21,3,309.3615,2/5/2019,10:41,294.63,4.761904762,14.7315,7.8
227-78-1148,B,72.84,7,535.374,2/15/2019,12:44,509.88,4.761904762,25.494,8.4
645-44-1170,A,58.07,9,548.7615,1/19/2019,20:07,522.63,4.761904762,26.1315,4.3
237-01-6122,C,80.79,9,763.4655,2/1/2019,20:31,727.11,4.761904762,36.3555,9.5
225-98-1496,C,27.02,3,85.113,3/2/2019,13:01,81.06,4.761904762,4.053,7.1
291-32-1427,B,21.94,5,115.185,3/5/2019,12:29,109.7,4.761904762,5.485,5.3
659-65-8956,B,51.36,1,53.928,1/16/2019,15:26,51.36,4.761904762,2.568,5.2
642-32-2990,A,10.96,10,115.08,2/2/2019,20:48,109.6,4.761904762,5.48,6
378-24-2715,B,53.44,2,112.224,1/20/2019,20:38,106.88,4.761904762,5.344,4.1
638-60-7125,A,99.56,8,836.304,2/14/2019,17:03,796.48,4.761904762,39.824,5.2
659-36-1684,C,57.12,7,419.832,1/12/2019,12:02,399.84,4.761904762,19.992,6.5
219-22-9386,B,99.96,9,944.622,3/9/2019,17:26,899.64,4.761904762,44.982,4.2
336-78-2147,C,63.91,8,536.844,3/13/2019,19:52,511.28,4.761904762,25.564,4.6
268-27-6179,B,56.47,8,474.348,3/9/2019,14:57,451.76,4.761904762,22.588,7.3
668-90-8900,A,93.69,7,688.6215,3/10/2019,18:44,655.83,4.761904762,32.7915,4.5
870-54-3162,A,32.25,5,169.3125,1/27/2019,13:26,161.25,4.761904762,8.0625,9
189-08-9157,C,31.73,9,299.8485,1/8/2019,16:17,285.57,4.761904762,14.2785,5.9
663-86-9076,C,68.54,8,575.736,1/8/2019,15:57,548.32,4.761904762,27.416,8.5
549-84-7482,B,90.28,9,853.146,2/8/2019,11:15,812.52,4.761904762,40.626,7.2
191-10-6171,B,39.62,7,291.207,1/25/2019,13:18,277.34,4.761904762,13.867,7.5
802-70-5316,A,92.13,6,580.419,3/6/2019,20:34,552.78,4.761904762,27.639,8.3
695-51-0018,B,34.84,4,146.328,2/10/2019,18:36,139.36,4.761904762,6.968,7.4
590-83-4591,B,87.45,6,550.935,2/17/2019,14:40,524.7,4.761904762,26.235,8.8
483-71-1164,C,81.3,6,512.19,3/8/2019,16:43,487.8,4.761904762,24.39,5.3
597-78-7908,C,90.22,3,284.193,2/18/2019,19:39,270.66,4.761904762,13.533,6.2
700-81-1757,A,26.31,5,138.1275,1/18/2019,20:59,131.55,4.761904762,6.5775,8.8
354-39-5160,A,34.42,6,216.846,2/18/2019,15:39,206.52,4.761904762,10.326,9.8
241-72-9525,B,51.91,10,545.055,2/16/2019,12:21,519.1,4.761904762,25.955,8.2
575-30-8091,A,72.5,8,609,3/16/2019,19:25,580,4.761904762,29,9.2
731-81-9469,C,89.8,10,942.9,1/23/2019,13:00,898,4.761904762,44.9,5.4
280-17-4359,C,90.5,10,950.25,1/25/2019,13:48,905,4.761904762,45.25,8.1
338-65-2210,C,68.6,10,720.3,2/5/2019,19:57,686,4.761904762,34.3,9.1
488-25-4221,C,30.41,1,31.9305,2/22/2019,10:36,30.41,4.761904762,1.5205,8.4
239-10-7476,A,77.95,6,491.085,1/21/2019,16:37,467.7,4.761904762,23.385,8
458-41-1477,C,46.26,6,291.438,3/8/2019,17:11,277.56,4.761904762,13.878,9.5
685-64-1609,A,30.14,10,316.47,2/10/2019,12:28,301.4,4.761904762,15.07,9.2
568-90-5112,C,66.14,4,277.788,3/19/2019,12:46,264.56,4.761904762,13.228,5.6
262-47-2794,B,71.86,8,603.624,3/6/2019,15:07,574.88,4.761904762,28.744,6.2
238-49-0436,A,32.46,8,272.664,3/27/2019,13:48,259.68,4.761904762,12.984,4.9
608-96-3517,B,91.54,4,384.468,3/23/2019,19:20,366.16,4.761904762,18.308,4.8
584-86-7256,C,34.56,7,254.016,3/11/2019,16:07,241.92,4.761904762,12.096,7.3
746-94-0204,A,83.24,9,786.618,1/29/2019,11:56,749.16,4.761904762,37.458,7.4
214-17-6927,C,16.48,6,103.824,2/7/2019,18:23,98.88,4.761904762,4.944,9.9
400-89-4171,C,80.97,8,680.148,1/28/2019,13:05,647.76,4.761904762,32.388,9.3
782-95-9291,A,92.29,5,484.5225,2/20/2019,15:55,461.45,4.761904762,23.0725,9
279-74-2924,B,72.17,1,75.7785,1/4/2019,19:40,72.17,4.761904762,3.6085,6.1
307-85-2293,B,50.28,5,263.97,3/7/2019,13:58,251.4,4.761904762,12.57,9.7
743-04-1105,B,97.22,9,918.729,3/30/2019,14:43,874.98,4.761904762,43.749,6
423-57-2993,B,93.39,6,588.357,3/27/2019,19:18,560.34,4.761904762,28.017,10
894-41-5205,C,43.18,8,362.712,1/19/2019,19:39,345.44,4.761904762,17.272,8.3
275-28-0149,A,63.69,1,66.8745,2/25/2019,16:21,63.69,4.761904762,3.1845,6
101-17-6199,A,45.79,7,336.5565,3/13/2019,19:44,320.53,4.761904762,16.0265,7
423-80-0988,C,76.4,2,160.44,1/30/2019,19:42,152.8,4.761904762,7.64,6.5
548-46-9322,B,39.9,10,418.95,2/20/2019,15:24,399,4.761904762,19.95,5.9
505-02-0892,B,42.57,8,357.588,2/25/2019,14:12,340.56,4.761904762,17.028,5.6
234-65-2137,C,95.58,10,1003.59,1/16/2019,13:32,955.8,4.761904762,47.79,4.8
687-47-8271,A,98.98,10,1039.29,2/8/2019,16:20,989.8,4.761904762,49.49,8.7
796-32-9050,A,51.28,6,323.064,1/19/2019,16:31,307.68,4.761904762,15.384,6.5
105-31-1824,A,69.52,7,510.972,2/1/2019,15:10,486.64,4.761904762,24.332,8.5
249-42-3782,A,70.01,5,367.5525,1/3/2019,11:36,350.05,4.761904762,17.5025,5.5
316-55-4634,B,80.05,5,420.2625,1/26/2019,12:45,400.25,4.761904762,20.0125,9.4
733-33-4967,C,20.85,8,175.14,3/3/2019,19:17,166.8,4.761904762,8.34,6.3
608-27-6295,B,52.89,6,333.207,1/19/2019,17:34,317.34,4.761904762,15.867,9.8
414-12-7047,B,19.79,8,166.236,1/18/2019,12:04,158.32,4.761904762,7.916,8.7
827-26-2100,A,33.84,9,319.788,3/21/2019,16:21,304.56,4.761904762,15.228,8.8
175-54-2529,A,22.17,8,186.228,3/3/2019,17:01,177.36,4.761904762,8.868,9.6
139-52-2867,C,22.51,7,165.4485,2/13/2019,10:50,157.57,4.761904762,7.8785,4.8
407-63-8975,A,73.88,6,465.444,3/23/2019,19:16,443.28,4.761904762,22.164,4.4
342-65-4817,C,86.8,3,273.42,1/28/2019,16:47,260.4,4.761904762,13.02,9.9
130-98-8941,C,64.26,7,472.311,2/9/2019,10:00,449.82,4.761904762,22.491,5.7
434-83-9547,C,38.47,8,323.148,1/23/2019,11:51,307.76,4.761904762,15.388,7.7
851-28-6367,A,15.5,10,162.75,3/23/2019,10:55,155,4.761904762,7.75,8
824-88-3614,C,34.31,8,288.204,1/25/2019,15:00,274.48,4.761904762,13.724,5.7
586-25-0848,A,12.34,7,90.699,3/4/2019,11:19,86.38,4.761904762,4.319,6.7
895-66-0685,B,18.08,3,56.952,3/5/2019,19:46,54.24,4.761904762,2.712,8
305-14-0245,B,94.49,8,793.716,3/3/2019,19:00,755.92,4.761904762,37.796,7.5
732-04-5373,B,46.47,4,195.174,2/8/2019,10:53,185.88,4.761904762,9.294,7
400-60-7251,A,74.07,1,77.7735,2/10/2019,12:50,74.07,4.761904762,3.7035,9.9
593-65-1552,C,69.81,4,293.202,1/28/2019,20:50,279.24,4.761904762,13.962,5.9
284-34-9626,B,77.04,3,242.676,2/11/2019,10:39,231.12,4.761904762,11.556,7.2
437-58-8131,B,73.52,2,154.392,1/15/2019,13:41,147.04,4.761904762,7.352,4.6
286-43-6208,C,87.8,9,829.71,3/16/2019,19:08,790.2,4.761904762,39.51,9.2
641-43-2399,B,25.55,4,107.31,1/26/2019,20:23,102.2,4.761904762,5.11,5.7
831-07-6050,A,32.71,5,171.7275,3/19/2019,11:30,163.55,4.761904762,8.1775,9.9
556-86-3144,C,74.29,1,78.0045,1/13/2019,19:30,74.29,4.761904762,3.7145,5
848-24-9445,C,43.7,2,91.77,3/26/2019,18:03,87.4,4.761904762,4.37,4.9
856-22-8149,A,25.29,1,26.5545,3/23/2019,10:13,25.29,4.761904762,1.2645,6.1
699-01-4164,C,41.5,4,174.3,3/12/2019,19:58,166,4.761904762,8.3,8.2
420-11-4919,C,71.39,5,374.7975,2/17/2019,19:57,356.95,4.761904762,17.8475,5.5
606-80-4905,C,19.15,6,120.645,1/29/2019,10:01,114.9,4.761904762,5.745,6.8
542-41-0513,B,57.49,4,241.458,3/15/2019,11:57,229.96,4.761904762,11.498,6.6
426-39-2418,C,61.41,7,451.3635,1/14/2019,10:02,429.87,4.761904762,21.4935,9.8
875-46-5808,B,25.9,10,271.95,2/6/2019,14:51,259,4.761904762,12.95,8.7
394-43-4238,B,17.77,5,93.2925,2/15/2019,12:42,88.85,4.761904762,4.4425,5.4
749-24-1565,A,23.03,9,217.6335,1/3/2019,12:02,207.27,4.761904762,10.3635,7.9
672-51-8681,C,66.65,9,629.8425,1/4/2019,18:19,599.85,4.761904762,29.9925,9.7
263-87-5680,C,28.53,10,299.565,3/18/2019,17:38,285.3,4.761904762,14.265,7.8
573-58-9734,B,30.37,3,95.6655,3/28/2019,13:41,91.11,4.761904762,4.5555,5.1
817-69-8206,B,99.73,9,942.4485,3/2/2019,19:42,897.57,4.761904762,44.8785,6.5
888-02-0338,A,26.23,9,247.8735,1/25/2019,20:24,236.07,4.761904762,11.8035,5.9
677-11-0152,C,93.26,9,881.307,1/16/2019,18:08,839.34,4.761904762,41.967,8.8
142-63-6033,B,92.36,5,484.89,3/20/2019,19:17,461.8,4.761904762,23.09,4.9
656-16-1063,B,46.42,3,146.223,1/4/2019,13:24,139.26,4.761904762,6.963,4.4
891-58-8335,B,29.61,7,217.6335,3/11/2019,15:53,207.27,4.761904762,10.3635,6.5
802-43-8934,A,18.28,1,19.194,3/22/2019,15:05,18.28,4.761904762,0.914,8.3
560-30-5617,B,24.77,5,130.0425,3/24/2019,18:27,123.85,4.761904762,6.1925,8.5
319-74-2561,A,94.64,3,298.116,2/21/2019,16:55,283.92,4.761904762,14.196,5.5
549-03-9315,B,94.87,8,796.908,2/12/2019,12:58,758.96,4.761904762,37.948,8.7
790-29-1172,B,57.34,3,180.621,3/10/2019,18:59,172.02,4.761904762,8.601,7.9
239-36-3640,B,45.35,6,285.705,1/31/2019,13:44,272.1,4.761904762,13.605,6.1
468-01-2051,B,62.08,7,456.288,3/6/2019,13:46,434.56,4.761904762,21.728,5.4
389-25-3394,C,11.81,5,62.0025,2/17/2019,18:06,59.05,4.761904762,2.9525,9.4
279-62-1445,C,12.54,1,13.167,2/21/2019,12:38,12.54,4.761904762,0.627,8.2
213-72-6612,A,43.25,2,90.825,3/20/2019,15:56,86.5,4.761904762,4.325,6.2
746-68-6593,C,87.16,2,183.036,1/11/2019,14:29,174.32,4.761904762,8.716,9.7
836-82-5858,B,69.37,9,655.5465,1/26/2019,19:14,624.33,4.761904762,31.2165,4
583-72-1480,C,37.06,4,155.652,1/31/2019,16:24,148.24,4.761904762,7.412,9.7
466-61-5506,B,90.7,6,571.41,2/26/2019,10:52,544.2,4.761904762,27.21,5.3
721-86-6247,A,63.42,8,532.728,3/11/2019,12:55,507.36,4.761904762,25.368,7.4
289-65-5721,B,81.37,2,170.877,1/26/2019,19:28,162.74,4.761904762,8.137,6.5
545-46-3100,B,10.59,3,33.3585,3/12/2019,13:52,31.77,4.761904762,1.5885,8.7
418-02-5978,B,84.09,9,794.6505,2/11/2019,10:54,756.81,4.761904762,37.8405,8
269-04-5750,B,73.82,4,310.044,2/21/2019,18:31,295.28,4.761904762,14.764,6.7
157-13-5295,A,51.94,10,545.37,3/9/2019,18:24,519.4,4.761904762,25.97,6.5
645-78-8093,A,93.14,2,195.594,1/20/2019,18:09,186.28,4.761904762,9.314,4.1
211-30-9270,C,17.41,5,91.4025,1/28/2019,15:16,87.05,4.761904762,4.3525,4.9
755-12-3214,C,44.22,5,232.155,3/5/2019,17:07,221.1,4.761904762,11.055,8.6
346-84-3103,B,13.22,5,69.405,3/2/2019,19:26,66.1,4.761904762,3.305,4.3
478-06-7835,A,89.69,1,94.1745,1/11/2019,11:20,89.69,4.761904762,4.4845,4.9
540-11-4336,A,24.94,9,235.683,1/11/2019,16:49,224.46,4.761904762,11.223,5.6
448-81-5016,A,59.77,2,125.517,3/11/2019,12:01,119.54,4.761904762,5.977,5.8
142-72-4741,C,93.2,2,195.72,2/28/2019,18:37,186.4,4.761904762,9.32,6
217-58-1179,A,62.65,4,263.13,1/5/2019,11:25,250.6,4.761904762,12.53,4.2
376-02-8238,B,93.87,8,788.508,2/2/2019,18:42,750.96,4.761904762,37.548,8.3
530-90-9855,A,47.59,8,399.756,1/1/2019,14:47,380.72,4.761904762,19.036,5.7
866-05-7563,B,81.4,3,256.41,2/9/2019,19:43,244.2,4.761904762,12.21,4.8
604-70-6476,A,17.94,5,94.185,1/23/2019,14:04,89.7,4.761904762,4.485,6.8
799-71-1548,A,77.72,4,326.424,1/7/2019,16:11,310.88,4.761904762,15.544,8.8
785-13-7708,B,73.06,7,536.991,1/14/2019,19:06,511.42,4.761904762,25.571,4.2
845-51-0542,B,46.55,9,439.8975,2/2/2019,15:34,418.95,4.761904762,20.9475,6.4
662-47-5456,C,35.19,10,369.495,3/17/2019,19:06,351.9,4.761904762,17.595,8.4
883-17-4236,C,14.39,2,30.219,3/2/2019,19:44,28.78,4.761904762,1.439,7.2
290-68-2984,A,23.75,4,99.75,3/16/2019,11:22,95,4.761904762,4.75,5.2
704-11-6354,A,58.9,8,494.76,1/6/2019,11:23,471.2,4.761904762,23.56,8.9
110-48-7033,B,32.62,4,137.004,1/29/2019,14:12,130.48,4.761904762,6.524,9
366-93-0948,A,66.35,1,69.6675,1/31/2019,10:46,66.35,4.761904762,3.3175,9.7
729-09-9681,A,25.91,6,163.233,2/5/2019,10:16,155.46,4.761904762,7.773,8.7
151-16-1484,A,32.25,4,135.45,2/13/2019,12:38,129,4.761904762,6.45,6.5
380-94-4661,C,65.94,4,276.948,2/7/2019,13:05,263.76,4.761904762,13.188,6.9
850-41-9669,A,75.06,9,709.317,3/19/2019,13:25,675.54,4.761904762,33.777,6.2
821-07-3596,C,16.45,4,69.09,3/7/2019,14:53,65.8,4.761904762,3.29,5.6
655-85-5130,B,38.3,4,160.86,3/13/2019,19:22,153.2,4.761904762,7.66,5.7
447-15-7839,A,22.24,10,233.52,2/9/2019,11:00,222.4,4.761904762,11.12,4.2
154-74-7179,B,54.45,1,57.1725,2/26/2019,19:24,54.45,4.761904762,2.7225,7.9
253-12-6086,A,98.4,7,723.24,3/12/2019,12:43,688.8,4.761904762,34.44,8.7
808-65-0703,C,35.47,4,148.974,3/14/2019,17:22,141.88,4.761904762,7.094,6.9
571-94-0759,B,74.6,10,783.3,1/8/2019,20:55,746,4.761904762,37.3,9.5
144-51-6085,A,70.74,4,297.108,1/5/2019,16:05,282.96,4.761904762,14.148,4.4
731-14-2199,A,35.54,10,373.17,1/4/2019,13:34,355.4,4.761904762,17.77,7
783-09-1637,B,67.43,5,354.0075,3/6/2019,18:13,337.15,4.761904762,16.8575,6.3
687-15-1097,C,21.12,2,44.352,1/3/2019,19:17,42.24,4.761904762,2.112,9.7
126-54-1082,A,21.54,9,203.553,1/7/2019,11:44,193.86,4.761904762,9.693,8.8
633-91-1052,A,12.03,2,25.263,1/27/2019,15:51,24.06,4.761904762,1.203,5.1
477-24-6490,B,99.71,6,628.173,2/26/2019,16:52,598.26,4.761904762,29.913,7.9
566-19-5475,B,47.97,7,352.5795,1/7/2019,20:52,335.79,4.761904762,16.7895,6.2
526-86-8552,C,21.82,10,229.11,1/7/2019,17:36,218.2,4.761904762,10.91,7.1
376-56-3573,C,95.42,4,400.764,2/2/2019,13:23,381.68,4.761904762,19.084,6.4
537-72-0426,C,70.99,10,745.395,3/20/2019,16:28,709.9,4.761904762,35.495,5.7
828-61-5674,A,44.02,10,462.21,3/20/2019,19:57,440.2,4.761904762,22.01,9.6
136-08-6195,A,69.96,8,587.664,2/15/2019,17:01,559.68,4.761904762,27.984,6.4
523-38-0215,C,37,1,38.85,3/6/2019,13:29,37,4.761904762,1.85,7.9
490-29-1201,A,15.34,1,16.107,1/6/2019,11:09,15.34,4.761904762,0.767,6.5
667-92-0055,A,99.83,6,628.929,3/4/2019,15:02,598.98,4.761904762,29.949,8.5
565-17-3836,A,47.67,4,200.214,3/12/2019,14:21,190.68,4.761904762,9.534,9.1
498-41-1961,B,66.68,5,350.07,2/20/2019,18:01,333.4,4.761904762,16.67,7.6
593-95-4461,C,74.86,1,78.603,3/24/2019,14:49,74.86,4.761904762,3.743,6.9
226-71-3580,C,23.75,9,224.4375,1/31/2019,12:02,213.75,4.761904762,10.6875,9.5
283-79-9594,B,48.51,7,356.5485,1/25/2019,13:30,339.57,4.761904762,16.9785,5.2
430-60-3493,A,94.88,7,697.368,2/3/2019,14:38,664.16,4.761904762,33.208,4.2
139-20-0155,B,40.3,10,423.15,1/24/2019,17:37,403,4.761904762,20.15,7
558-80-4082,C,27.85,7,204.6975,3/14/2019,17:20,194.95,4.761904762,9.7475,6
278-97-7759,A,62.48,1,65.604,2/18/2019,20:29,62.48,4.761904762,3.124,4.7
316-68-6352,A,36.36,2,76.356,1/21/2019,10:00,72.72,4.761904762,3.636,7.1
585-03-5943,B,18.11,10,190.155,3/13/2019,11:46,181.1,4.761904762,9.055,5.9
211-05-0490,C,51.92,5,272.58,3/3/2019,13:42,259.6,4.761904762,12.98,7.5
727-75-6477,C,28.84,4,121.128,3/29/2019,14:44,115.36,4.761904762,5.768,6.4
744-02-5987,A,78.38,6,493.794,1/10/2019,14:16,470.28,4.761904762,23.514,5.8
307-83-9164,A,60.01,4,252.042,1/25/2019,15:54,240.04,4.761904762,12.002,4.5
779-06-0012,C,88.61,1,93.0405,1/19/2019,10:21,88.61,4.761904762,4.4305,7.7
446-47-6729,C,99.82,2,209.622,1/2/2019,18:09,199.64,4.761904762,9.982,6.7
573-10-3877,B,39.01,1,40.9605,3/12/2019,16:46,39.01,4.761904762,1.9505,4.7
735-06-4124,C,48.61,1,51.0405,2/25/2019,15:31,48.61,4.761904762,2.4305,4.4
439-54-7422,A,51.19,4,214.998,3/18/2019,17:15,204.76,4.761904762,10.238,4.7
396-90-2219,B,14.96,8,125.664,2/23/2019,12:29,119.68,4.761904762,5.984,8.6
411-77-0180,A,72.2,7,530.67,3/26/2019,20:14,505.4,4.761904762,25.27,4.3
286-01-5402,A,40.23,7,295.6905,3/30/2019,13:22,281.61,4.761904762,14.0805,9.6
803-17-8013,A,88.79,8,745.836,2/17/2019,17:09,710.32,4.761904762,35.516,4.1
512-98-1403,A,26.48,3,83.412,3/21/2019,10:40,79.44,4.761904762,3.972,4.7
848-42-2560,A,81.91,2,172.011,3/5/2019,17:43,163.82,4.761904762,8.191,7.8
532-59-7201,B,79.93,6,503.559,1/31/2019,14:04,479.58,4.761904762,23.979,5.5
181-94-6432,C,69.33,2,145.593,2/5/2019,19:05,138.66,4.761904762,6.933,9.7
870-76-1733,A,14.23,5,74.7075,2/1/2019,10:08,71.15,4.761904762,3.5575,4.4
423-64-4619,A,15.55,9,146.9475,3/7/2019,13:12,139.95,4.761904762,6.9975,5
227-07-4446,C,78.13,10,820.365,2/10/2019,20:51,781.3,4.761904762,39.065,4.4
174-36-3675,C,99.37,2,208.677,2/14/2019,17:29,198.74,4.761904762,9.937,5.2
428-83-5800,C,21.08,3,66.402,2/9/2019,10:25,63.24,4.761904762,3.162,7.3
603-07-0961,C,74.79,5,392.6475,1/10/2019,11:34,373.95,4.761904762,18.6975,4.9
704-20-4138,C,29.67,7,218.0745,3/11/2019,18:58,207.69,4.761904762,10.3845,8.1
787-15-1757,C,44.07,4,185.094,2/18/2019,16:28,176.28,4.761904762,8.814,8.4
649-11-3678,C,22.93,9,216.6885,2/26/2019,20:26,206.37,4.761904762,10.3185,5.5
622-20-1945,C,39.42,1,41.391,1/18/2019,15:08,39.42,4.761904762,1.971,8.4
372-94-8041,A,15.26,6,96.138,2/15/2019,18:03,91.56,4.761904762,4.578,9.8
563-91-7120,A,61.77,5,324.2925,3/8/2019,13:21,308.85,4.761904762,15.4425,6.7
746-54-5508,A,21.52,6,135.576,1/17/2019,12:48,129.12,4.761904762,6.456,9.4
276-54-0879,B,97.74,4,410.508,3/12/2019,19:53,390.96,4.761904762,19.548,6.4
815-11-1168,A,99.78,5,523.845,3/9/2019,19:09,498.9,4.761904762,24.945,5.4
719-76-3868,C,94.26,4,395.892,3/12/2019,16:30,377.04,4.761904762,18.852,8.6
730-61-8757,B,51.13,4,214.746,1/25/2019,10:11,204.52,4.761904762,10.226,4
340-66-0321,A,36.36,4,152.712,3/25/2019,13:07,145.44,4.761904762,7.272,7.6
868-81-1752,B,22.02,9,208.089,2/7/2019,18:48,198.18,4.761904762,9.909,6.8
634-97-8956,A,32.9,3,103.635,2/17/2019,17:27,98.7,4.761904762,4.935,9.1
566-71-1091,A,77.02,5,404.355,2/3/2019,15:59,385.1,4.761904762,19.255,5.5
442-48-3607,A,23.48,2,49.308,3/14/2019,11:21,46.96,4.761904762,2.348,7.9
835-16-0096,C,14.7,5,77.175,3/24/2019,13:48,73.5,4.761904762,3.675,8.5
527-09-6272,A,28.45,5,149.3625,3/21/2019,10:17,142.25,4.761904762,7.1125,9.1
898-04-2717,A,76.4,9,721.98,3/19/2019,15:49,687.6,4.761904762,34.38,7.5
692-27-8933,B,57.95,6,365.085,2/24/2019,13:02,347.7,4.761904762,17.385,5.2
633-09-3463,C,47.65,3,150.0975,3/28/2019,12:58,142.95,4.761904762,7.1475,9.5
374-17-3652,B,42.82,9,404.649,2/5/2019,15:26,385.38,4.761904762,19.269,8.9
378-07-7001,B,48.09,3,151.4835,2/10/2019,18:23,144.27,4.761904762,7.2135,7.8
433-75-6987,B,55.97,7,411.3795,3/5/2019,19:06,391.79,4.761904762,19.5895,8.9
873-95-4984,B,76.9,7,565.215,2/15/2019,20:21,538.3,4.761904762,26.915,7.7
416-13-5917,C,97.03,5,509.4075,1/30/2019,16:24,485.15,4.761904762,24.2575,9.3
150-89-8043,A,44.65,3,140.6475,2/14/2019,15:04,133.95,4.761904762,6.6975,6.2
135-84-8019,A,77.93,9,736.4385,2/27/2019,16:10,701.37,4.761904762,35.0685,7.6
441-94-7118,A,71.95,1,75.5475,2/4/2019,12:14,71.95,4.761904762,3.5975,7.3
725-96-3778,C,89.25,8,749.7,1/20/2019,10:13,714,4.761904762,35.7,4.7
531-80-1784,A,26.02,7,191.247,3/28/2019,17:38,182.14,4.761904762,9.107,5.1
400-45-1220,B,13.5,10,141.75,2/27/2019,11:06,135,4.761904762,6.75,4.8
860-79-0874,C,99.3,10,1042.65,2/15/2019,14:53,993,4.761904762,49.65,6.6
834-61-8124,A,51.69,7,379.9215,1/26/2019,18:22,361.83,4.761904762,18.0915,5.5
115-99-4379,B,54.73,7,402.2655,3/14/2019,19:02,383.11,4.761904762,19.1555,8.5
565-67-6697,B,27,9,255.15,3/2/2019,14:16,243,4.761904762,12.15,4.8
320-49-6392,C,30.24,1,31.752,3/4/2019,15:44,30.24,4.761904762,1.512,8.4
889-04-9723,B,89.14,4,374.388,1/7/2019,12:20,356.56,4.761904762,17.828,7.8
632-90-0281,C,37.55,10,394.275,3/8/2019,20:01,375.5,4.761904762,18.775,9.3
554-42-2417,C,95.44,10,1002.12,1/9/2019,13:45,954.4,4.761904762,47.72,5.2
453-63-6187,B,27.5,3,86.625,3/1/2019,15:40,82.5,4.761904762,4.125,6.5
578-80-7669,B,74.97,1,78.7185,3/16/2019,16:58,74.97,4.761904762,3.7485,5.6
612-36-5536,A,80.96,8,680.064,2/17/2019,11:12,647.68,4.761904762,32.384,7.4
605-72-4132,C,94.47,8,793.548,2/27/2019,15:12,755.76,4.761904762,37.788,9.1
471-41-2823,C,99.79,2,209.559,3/7/2019,20:37,199.58,4.761904762,9.979,8
462-67-9126,A,73.22,6,461.286,1/21/2019,17:44,439.32,4.761904762,21.966,7.2
272-27-9238,C,41.24,4,173.208,2/19/2019,16:23,164.96,4.761904762,8.248,7.1
834-25-9262,C,81.68,4,343.056,1/6/2019,12:12,326.72,4.761904762,16.336,9.1
122-61-9553,C,51.32,9,484.974,3/14/2019,19:33,461.88,4.761904762,23.094,5.6
468-88-0009,A,65.94,4,276.948,3/24/2019,10:29,263.76,4.761904762,13.188,6
613-59-9758,C,14.36,10,150.78,1/27/2019,14:28,143.6,4.761904762,7.18,5.4
254-31-0042,A,21.5,9,203.175,3/6/2019,12:46,193.5,4.761904762,9.675,7.8
201-86-2184,B,26.26,7,193.011,2/2/2019,19:40,183.82,4.761904762,9.191,9.9
261-12-8671,B,60.96,2,128.016,1/25/2019,19:39,121.92,4.761904762,6.096,4.9
730-70-9830,C,70.11,6,441.693,3/14/2019,17:54,420.66,4.761904762,21.033,5.2
382-25-8917,C,42.08,6,265.104,1/29/2019,12:25,252.48,4.761904762,12.624,8.9
422-29-8786,A,67.09,5,352.2225,1/3/2019,16:47,335.45,4.761904762,16.7725,9.1
667-23-5919,A,96.7,5,507.675,1/14/2019,12:52,483.5,4.761904762,24.175,7
843-01-4703,B,35.38,9,334.341,1/5/2019,19:50,318.42,4.761904762,15.921,9.6
743-88-1662,C,95.49,7,701.8515,2/22/2019,18:17,668.43,4.761904762,33.4215,8.7
595-86-2894,C,96.98,4,407.316,2/6/2019,17:20,387.92,4.761904762,19.396,9.4
182-69-8360,B,23.65,4,99.33,1/30/2019,13:32,94.6,4.761904762,4.73,4
289-15-7034,A,82.33,4,345.786,1/11/2019,10:37,329.32,4.761904762,16.466,7.5
462-78-5240,C,26.61,2,55.881,3/19/2019,14:35,53.22,4.761904762,2.661,4.2
868-52-7573,B,99.69,5,523.3725,1/14/2019,12:09,498.45,4.761904762,24.9225,9.9
153-58-4872,C,74.89,4,314.538,3/1/2019,15:32,299.56,4.761904762,14.978,4.2
662-72-2873,A,40.94,5,214.935,1/6/2019,13:58,204.7,4.761904762,10.235,9.9
525-88-7307,B,75.82,1,79.611,1/31/2019,13:19,75.82,4.761904762,3.791,5.8
689-16-9784,C,46.77,6,294.651,3/11/2019,13:37,280.62,4.761904762,14.031,6
725-56-0833,A,32.32,10,339.36,2/20/2019,16:49,323.2,4.761904762,16.16,10
394-41-0748,C,54.07,9,510.9615,1/27/2019,14:55,486.63,4.761904762,24.3315,9.5
596-42-3999,B,18.22,7,133.917,3/10/2019,14:04,127.54,4.761904762,6.377,6.6
541-89-9860,C,80.48,3,253.512,2/15/2019,12:31,241.44,4.761904762,12.072,8.1
173-82-9529,B,37.95,10,398.475,1/26/2019,14:51,379.5,4.761904762,18.975,9.7
563-36-9814,A,76.82,1,80.661,2/13/2019,18:27,76.82,4.761904762,3.841,7.2
308-47-4913,A,52.26,10,548.73,3/9/2019,12:45,522.6,4.761904762,26.13,6.2
885-17-6250,A,79.74,1,83.727,3/6/2019,10:36,79.74,4.761904762,3.987,7.3
726-27-2396,A,77.5,5,406.875,1/24/2019,20:36,387.5,4.761904762,19.375,4.3
316-01-3952,A,54.27,5,284.9175,3/13/2019,14:16,271.35,4.761904762,13.5675,4.6
760-54-1821,B,13.59,9,128.4255,3/15/2019,10:26,122.31,4.761904762,6.1155,5.8
793-10-3222,B,41.06,6,258.678,3/5/2019,13:30,246.36,4.761904762,12.318,8.3
346-12-3257,B,19.24,9,181.818,3/4/2019,16:28,173.16,4.761904762,8.658,8
110-05-6330,C,39.43,6,248.409,3/25/2019,20:18,236.58,4.761904762,11.829,9.4
651-61-0874,C,46.22,4,194.124,3/12/2019,20:04,184.88,4.761904762,9.244,6.2
236-86-3015,C,13.98,1,14.679,2/4/2019,13:38,13.98,4.761904762,0.699,9.8
831-64-0259,B,39.75,5,208.6875,2/22/2019,10:43,198.75,4.761904762,9.9375,9.6
587-03-7455,C,97.79,7,718.7565,2/16/2019,17:30,684.53,4.761904762,34.2265,4.9
882-40-4577,A,67.26,4,282.492,1/19/2019,15:28,269.04,4.761904762,13.452,8
732-67-5346,A,13.79,5,72.3975,1/11/2019,19:07,68.95,4.761904762,3.4475,7.8
725-32-9708,B,68.71,4,288.582,1/4/2019,19:01,274.84,4.761904762,13.742,4.1
256-08-8343,A,56.53,4,237.426,3/4/2019,19:48,226.12,4.761904762,11.306,5.5
372-26-1506,C,23.82,5,125.055,1/28/2019,19:24,119.1,4.761904762,5.955,5.4
244-08-0162,B,34.21,10,359.205,1/2/2019,13:00,342.1,4.761904762,17.105,5.1
569-71-4390,B,21.87,2,45.927,1/25/2019,14:29,43.74,4.761904762,2.187,6.9
132-23-6451,A,20.97,5,110.0925,1/4/2019,13:21,104.85,4.761904762,5.2425,7.8
696-90-2548,A,25.84,3,81.396,3/10/2019,18:55,77.52,4.761904762,3.876,6.6
472-15-9636,A,50.93,8,427.812,3/22/2019,19:36,407.44,4.761904762,20.372,9.2
268-03-6164,B,96.11,1,100.9155,1/25/2019,16:28,96.11,4.761904762,4.8055,7.8
750-57-9686,C,45.38,4,190.596,1/8/2019,13:48,181.52,4.761904762,9.076,8.7
186-09-3669,C,81.51,1,85.5855,1/22/2019,10:57,81.51,4.761904762,4.0755,9.2
848-07-1692,B,57.22,2,120.162,1/12/2019,17:13,114.44,4.761904762,5.722,8.3
745-71-3520,A,25.22,7,185.367,2/4/2019,10:23,176.54,4.761904762,8.827,8.2
266-76-6436,C,38.6,3,121.59,3/28/2019,13:57,115.8,4.761904762,5.79,7.5
740-22-2500,C,84.05,3,264.7575,1/23/2019,13:29,252.15,4.761904762,12.6075,9.8
271-88-8734,C,97.21,10,1020.705,2/8/2019,13:00,972.1,4.761904762,48.605,8.7
301-81-8610,B,25.42,8,213.528,3/19/2019,19:42,203.36,4.761904762,10.168,6.7
489-64-4354,C,16.28,1,17.094,3/9/2019,15:36,16.28,4.761904762,0.814,5
198-84-7132,B,40.61,9,383.7645,1/2/2019,13:40,365.49,4.761904762,18.2745,7
269-10-8440,A,53.17,7,390.7995,1/21/2019,18:01,372.19,4.761904762,18.6095,8.9
650-98-6268,B,20.87,3,65.7405,3/20/2019,13:53,62.61,4.761904762,3.1305,8
741-73-3559,B,67.27,5,353.1675,2/27/2019,17:27,336.35,4.761904762,16.8175,6.9
286-75-7818,B,69.08,2,145.068,1/31/2019,19:48,138.16,4.761904762,6.908,6.9
574-57-9721,C,43.27,2,90.867,3/8/2019,16:53,86.54,4.761904762,4.327,5.7
459-50-7686,A,23.46,6,147.798,1/13/2019,19:14,140.76,4.761904762,7.038,6.4
616-87-0016,B,95.54,7,702.219,3/9/2019,14:36,668.78,4.761904762,33.439,9.6
837-55-7229,B,47.44,1,49.812,2/22/2019,18:19,47.44,4.761904762,2.372,6.8
751-69-0068,C,99.24,9,937.818,3/19/2019,19:09,893.16,4.761904762,44.658,9
257-73-1380,C,82.93,4,348.306,1/20/2019,16:51,331.72,4.761904762,16.586,9.6
345-08-4992,A,33.99,6,214.137,3/8/2019,15:37,203.94,4.761904762,10.197,7.7
549-96-4200,C,17.04,4,71.568,3/8/2019,20:15,68.16,4.761904762,3.408,7
810-60-6344,C,40.86,8,343.224,2/7/2019,14:38,326.88,4.761904762,16.344,6.5
450-28-2866,C,17.44,5,91.56,1/15/2019,19:25,87.2,4.761904762,4.36,8.1
394-30-3170,B,88.43,8,742.812,3/22/2019,19:35,707.44,4.761904762,35.372,4.3
138-17-5109,A,89.21,9,843.0345,1/15/2019,15:42,802.89,4.761904762,40.1445,6.5
192-98-7397,C,12.78,1,13.419,1/8/2019,14:11,12.78,4.761904762,0.639,9.5
301-11-9629,A,19.1,7,140.385,1/15/2019,10:43,133.7,4.761904762,6.685,9.7
390-80-5128,B,19.15,1,20.1075,1/28/2019,17:58,19.15,4.761904762,0.9575,9.5
235-46-8343,C,27.66,10,290.43,2/14/2019,11:26,276.6,4.761904762,13.83,8.9
453-12-7053,C,45.74,3,144.081,3/10/2019,17:38,137.22,4.761904762,6.861,6.5
296-11-7041,B,27.07,1,28.4235,1/12/2019,20:07,27.07,4.761904762,1.3535,5.3
449-27-2918,B,39.12,1,41.076,3/26/2019,11:02,39.12,4.761904762,1.956,9.6
891-01-7034,B,74.71,6,470.673,1/1/2019,19:07,448.26,4.761904762,22.413,6.7
744-09-5786,B,22.01,6,138.663,1/2/2019,18:50,132.06,4.761904762,6.603,7.6
727-17-0390,A,63.61,5,333.9525,3/16/2019,12:43,318.05,4.761904762,15.9025,4.8
568-88-3448,A,25,1,26.25,3/3/2019,15:09,25,4.761904762,1.25,5.5
187-83-5490,A,20.77,4,87.234,1/31/2019,13:47,83.08,4.761904762,4.154,4.7
767-54-1907,B,29.56,5,155.19,2/13/2019,16:59,147.8,4.761904762,7.39,6.9
710-46-4433,B,77.4,9,731.43,2/15/2019,14:15,696.6,4.761904762,34.83,4.5
533-33-5337,B,79.39,10,833.595,2/7/2019,20:24,793.9,4.761904762,39.695,6.2
325-90-8763,C,46.57,10,488.985,1/27/2019,13:58,465.7,4.761904762,23.285,7.6
729-46-7422,C,35.89,1,37.6845,2/23/2019,16:52,35.89,4.761904762,1.7945,7.9
639-76-1242,C,40.52,5,212.73,2/3/2019,15:19,202.6,4.761904762,10.13,4.5
234-03-4040,B,73.05,10,767.025,3/3/2019,12:25,730.5,4.761904762,36.525,8.7
326-71-2155,C,73.95,4,310.59,2/3/2019,10:02,295.8,4.761904762,14.79,6.1
320-32-8842,C,22.62,1,23.751,3/17/2019,18:58,22.62,4.761904762,1.131,6.4
470-32-9057,A,51.34,5,269.535,3/28/2019,15:31,256.7,4.761904762,12.835,9.1
878-30-2331,C,54.55,10,572.775,3/2/2019,11:22,545.5,4.761904762,27.275,7.1
440-59-5691,C,37.15,7,273.0525,2/8/2019,13:12,260.05,4.761904762,13.0025,7.7
554-53-3790,B,37.02,6,233.226,3/22/2019,18:33,222.12,4.761904762,11.106,4.5
746-19-0921,C,21.58,1,22.659,2/9/2019,10:02,21.58,4.761904762,1.079,7.2
233-34-0817,C,98.84,1,103.782,2/15/2019,11:21,98.84,4.761904762,4.942,8.4
767-05-1286,C,83.77,6,527.751,1/23/2019,12:10,502.62,4.761904762,25.131,5.4
340-21-9136,A,40.05,4,168.21,1/25/2019,11:40,160.2,4.761904762,8.01,9.7
405-31-3305,A,43.13,10,452.865,2/2/2019,18:31,431.3,4.761904762,21.565,5.5
731-59-7531,B,72.57,8,609.588,3/30/2019,17:58,580.56,4.761904762,29.028,4.6
676-39-6028,A,64.44,5,338.31,3/30/2019,17:04,322.2,4.761904762,16.11,6.6
502-05-1910,A,65.18,3,205.317,2/25/2019,20:35,195.54,4.761904762,9.777,6.3
485-30-8700,A,33.26,5,174.615,3/18/2019,16:10,166.3,4.761904762,8.315,4.2
598-47-9715,C,84.07,4,353.094,3/7/2019,16:54,336.28,4.761904762,16.814,4.4
701-69-8742,B,34.37,10,360.885,3/16/2019,10:11,343.7,4.761904762,17.185,6.7
575-67-1508,A,38.6,1,40.53,1/29/2019,11:26,38.6,4.761904762,1.93,6.7
541-08-3113,C,65.97,8,554.148,2/2/2019,20:29,527.76,4.761904762,26.388,8.4
246-11-3901,C,32.8,10,344.4,2/15/2019,12:12,328,4.761904762,16.4,6.2
674-15-9296,A,37.14,5,194.985,1/8/2019,13:05,185.7,4.761904762,9.285,5
305-18-3552,B,60.38,10,633.99,2/12/2019,16:19,603.8,4.761904762,30.19,6
493-65-6248,C,36.98,10,388.29,1/1/2019,19:48,369.8,4.761904762,18.49,7
438-01-4015,B,49.49,4,207.858,3/21/2019,15:25,197.96,4.761904762,9.898,6.6
709-58-4068,B,41.09,10,431.445,2/28/2019,14:42,410.9,4.761904762,20.545,7.3
795-49-7276,A,37.15,4,156.03,3/23/2019,18:59,148.6,4.761904762,7.43,8.3
556-72-8512,C,22.96,1,24.108,1/30/2019,20:47,22.96,4.761904762,1.148,4.3
627-95-3243,B,77.68,9,734.076,2/4/2019,13:21,699.12,4.761904762,34.956,9.8
686-41-0932,B,34.7,2,72.87,3/13/2019,19:48,69.4,4.761904762,3.47,8.2
510-09-5628,A,19.66,10,206.43,3/15/2019,18:20,196.6,4.761904762,9.83,7.2
608-04-3797,B,25.32,8,212.688,3/5/2019,20:24,202.56,4.761904762,10.128,8.7
148-82-2527,C,12.12,10,127.26,3/5/2019,13:44,121.2,4.761904762,6.06,8.4
437-53-3084,B,99.89,2,209.769,2/26/2019,11:48,199.78,4.761904762,9.989,7.1
632-32-4574,B,75.92,8,637.728,3/20/2019,14:14,607.36,4.761904762,30.368,5.5
556-97-7101,C,63.22,2,132.762,1/1/2019,15:51,126.44,4.761904762,6.322,8.5
862-59-8517,C,90.24,6,568.512,1/27/2019,11:17,541.44,4.761904762,27.072,6.2
401-18-8016,B,98.13,1,103.0365,1/21/2019,17:36,98.13,4.761904762,4.9065,8.9
420-18-8989,A,51.52,8,432.768,2/2/2019,15:47,412.16,4.761904762,20.608,9.6
277-63-2961,B,73.97,1,77.6685,2/3/2019,15:53,73.97,4.761904762,3.6985,5.4
573-98-8548,C,31.9,1,33.495,1/5/2019,12:40,31.9,4.761904762,1.595,9.1
620-02-2046,C,69.4,2,145.74,1/27/2019,19:48,138.8,4.761904762,6.94,9
282-35-2475,B,93.31,2,195.951,3/25/2019,17:53,186.62,4.761904762,9.331,6.3
511-54-3087,B,88.45,1,92.8725,2/25/2019,16:36,88.45,4.761904762,4.4225,9.5
726-29-6793,A,24.18,8,203.112,1/28/2019,20:54,193.44,4.761904762,9.672,9.8
387-49-4215,B,48.5,3,152.775,1/8/2019,12:50,145.5,4.761904762,7.275,6.7
862-17-9201,B,84.05,6,529.515,1/29/2019,10:48,504.3,4.761904762,25.215,7.7
291-21-5991,B,61.29,5,321.7725,3/29/2019,14:28,306.45,4.761904762,15.3225,7
602-80-9671,C,15.95,6,100.485,2/9/2019,17:15,95.7,4.761904762,4.785,5.1
347-72-6115,B,90.74,7,666.939,1/16/2019,18:03,635.18,4.761904762,31.759,6.2
209-61-0206,A,42.91,5,225.2775,1/5/2019,17:29,214.55,4.761904762,10.7275,6.1
595-27-4851,A,54.28,7,398.958,1/27/2019,18:05,379.96,4.761904762,18.998,9.3
189-52-0236,A,99.55,7,731.6925,3/14/2019,12:07,696.85,4.761904762,34.8425,7.6
503-07-0930,C,58.39,7,429.1665,2/23/2019,19:49,408.73,4.761904762,20.4365,8.2
413-20-6708,C,51.47,1,54.0435,3/18/2019,15:52,51.47,4.761904762,2.5735,8.5
425-85-2085,B,54.86,5,288.015,3/29/2019,16:48,274.3,4.761904762,13.715,9.8
521-18-7827,C,39.39,5,206.7975,1/22/2019,20:46,196.95,4.761904762,9.8475,8.7
220-28-1851,A,34.73,2,72.933,3/1/2019,18:14,69.46,4.761904762,3.473,9.7
600-38-9738,C,71.92,5,377.58,1/17/2019,15:05,359.6,4.761904762,17.98,4.3
734-91-1155,B,45.71,3,143.9865,3/26/2019,10:34,137.13,4.761904762,6.8565,7.7
451-28-5717,C,83.17,6,523.971,3/20/2019,11:23,499.02,4.761904762,24.951,7.3
609-81-8548,A,37.44,6,235.872,2/6/2019,13:55,224.64,4.761904762,11.232,5.9
133-14-7229,C,62.87,2,132.027,1/1/2019,11:43,125.74,4.761904762,6.287,5
534-01-4457,A,81.71,6,514.773,1/27/2019,14:36,490.26,4.761904762,24.513,8
719-89-8991,A,91.41,5,479.9025,2/25/2019,16:03,457.05,4.761904762,22.8525,7.1
286-62-6248,B,39.21,4,164.682,1/16/2019,20:03,156.84,4.761904762,7.842,9
339-38-9982,B,59.86,2,125.706,1/13/2019,14:55,119.72,4.761904762,5.986,6.7
827-44-5872,B,54.36,10,570.78,2/7/2019,11:28,543.6,4.761904762,27.18,6.1
827-77-7633,A,98.09,9,926.9505,2/17/2019,19:41,882.81,4.761904762,44.1405,9.3
287-83-1405,A,25.43,6,160.209,2/12/2019,19:01,152.58,4.761904762,7.629,7
435-13-4908,A,86.68,8,728.112,1/24/2019,18:04,693.44,4.761904762,34.672,7.2
857-67-9057,B,22.95,10,240.975,2/6/2019,19:20,229.5,4.761904762,11.475,8.2
236-27-1144,C,16.31,9,154.1295,3/26/2019,10:31,146.79,4.761904762,7.3395,8.4
892-05-6689,A,28.32,5,148.68,3/11/2019,13:28,141.6,4.761904762,7.08,6.2
583-41-4548,C,16.67,7,122.5245,2/7/2019,11:36,116.69,4.761904762,5.8345,7.4
339-12-4827,B,73.96,1,77.658,1/5/2019,11:32,73.96,4.761904762,3.698,5
643-38-7867,A,97.94,1,102.837,3/7/2019,11:44,97.94,4.761904762,4.897,6.9
308-81-0538,A,73.05,4,306.81,2/25/2019,17:16,292.2,4.761904762,14.61,4.9
358-88-9262,C,87.48,6,551.124,2/1/2019,18:43,524.88,4.761904762,26.244,5.1
460-35-4390,A,30.68,3,96.642,1/22/2019,11:00,92.04,4.761904762,4.602,9.1
343-87-0864,C,75.88,1,79.674,1/3/2019,10:30,75.88,4.761904762,3.794,7.1
173-50-1108,B,20.18,4,84.756,2/13/2019,12:14,80.72,4.761904762,4.036,5
243-47-2663,C,18.77,6,118.251,1/28/2019,16:43,112.62,4.761904762,5.631,5.5
841-18-8232,B,71.2,1,74.76,1/5/2019,20:40,71.2,4.761904762,3.56,9.2
701-23-5550,B,38.81,4,163.002,3/19/2019,13:40,155.24,4.761904762,7.762,4.9
647-50-1224,A,29.42,10,308.91,1/12/2019,16:23,294.2,4.761904762,14.71,8.9
541-48-8554,A,60.95,9,575.9775,1/7/2019,12:08,548.55,4.761904762,27.4275,6
539-21-7227,B,51.54,5,270.585,1/26/2019,17:45,257.7,4.761904762,12.885,4.2
213-32-1216,A,66.06,6,416.178,1/23/2019,10:28,396.36,4.761904762,19.818,7.3
747-58-7183,B,57.27,3,180.4005,2/9/2019,20:31,171.81,4.761904762,8.5905,6.5
582-52-8065,B,54.31,9,513.2295,2/22/2019,10:49,488.79,4.761904762,24.4395,8.9
210-57-1719,B,58.24,9,550.368,2/5/2019,12:34,524.16,4.761904762,26.208,9.7
399-69-4630,C,22.21,6,139.923,3/7/2019,10:23,133.26,4.761904762,6.663,8.6
134-75-2619,A,19.32,7,142.002,3/25/2019,18:51,135.24,4.761904762,6.762,6.9
356-44-8813,B,37.48,3,118.062,1/20/2019,13:45,112.44,4.761904762,5.622,7.7
198-66-9832,B,72.04,2,151.284,2/4/2019,19:38,144.08,4.761904762,7.204,9.5
283-26-5248,C,98.52,10,1034.46,1/30/2019,20:23,985.2,4.761904762,49.26,4.5
712-39-0363,A,41.66,6,262.458,1/2/2019,15:24,249.96,4.761904762,12.498,5.6
218-59-9410,A,72.42,3,228.123,3/29/2019,16:54,217.26,4.761904762,10.863,8.2
866-99-7614,C,89.2,10,936.6,2/11/2019,15:42,892,4.761904762,44.6,4.4
134-54-4720,B,42.42,8,356.328,1/30/2019,13:58,339.36,4.761904762,16.968,5.7
760-90-2357,A,74.51,6,469.413,3/20/2019,15:08,447.06,4.761904762,22.353,5
514-37-2845,B,99.25,2,208.425,3/20/2019,13:02,198.5,4.761904762,9.925,9
698-98-5964,A,81.21,10,852.705,1/17/2019,13:01,812.1,4.761904762,40.605,6.3
718-57-9773,C,49.33,10,517.965,2/3/2019,16:40,493.3,4.761904762,24.665,9.4
651-88-7328,A,65.74,9,621.243,1/1/2019,13:55,591.66,4.761904762,29.583,7.7
241-11-2261,B,79.86,7,586.971,1/10/2019,10:33,559.02,4.761904762,27.951,5.5
408-26-9866,C,73.98,7,543.753,3/2/2019,16:42,517.86,4.761904762,25.893,4.1
834-83-1826,B,82.04,5,430.71,2/25/2019,17:16,410.2,4.761904762,20.51,7.6
343-61-3544,B,26.67,10,280.035,1/29/2019,11:48,266.7,4.761904762,13.335,8.6
239-48-4278,A,10.13,7,74.4555,3/10/2019,19:35,70.91,4.761904762,3.5455,8.3
355-34-6244,B,72.39,2,152.019,1/13/2019,19:55,144.78,4.761904762,7.239,8.1
550-84-8664,A,85.91,5,451.0275,3/22/2019,14:33,429.55,4.761904762,21.4775,8.6
339-96-8318,B,81.31,7,597.6285,3/1/2019,19:49,569.17,4.761904762,28.4585,6.3
458-61-0011,B,60.3,4,253.26,2/20/2019,18:43,241.2,4.761904762,12.06,5.8
592-34-6155,C,31.77,4,133.434,1/14/2019,14:43,127.08,4.761904762,6.354,6.2
797-88-0493,A,64.27,4,269.934,3/26/2019,13:54,257.08,4.761904762,12.854,7.7
207-73-1363,B,69.51,2,145.971,3/1/2019,12:15,139.02,4.761904762,6.951,8.1
390-31-6381,C,27.22,3,85.743,1/7/2019,12:37,81.66,4.761904762,4.083,7.3
443-82-0585,A,77.68,4,326.256,2/1/2019,19:54,310.72,4.761904762,15.536,8.4
339-18-7061,C,92.98,2,195.258,2/13/2019,15:06,185.96,4.761904762,9.298,8
359-90-3665,B,18.08,4,75.936,1/14/2019,18:03,72.32,4.761904762,3.616,9.5
375-72-3056,B,63.06,3,198.639,1/19/2019,15:58,189.18,4.761904762,9.459,7
127-47-6963,A,51.71,4,217.182,3/9/2019,13:53,206.84,4.761904762,10.342,9.8
278-86-2735,A,52.34,3,164.871,3/27/2019,14:03,157.02,4.761904762,7.851,9.2
695-28-6250,A,43.06,5,226.065,2/4/2019,16:38,215.3,4.761904762,10.765,7.7
379-17-6588,C,59.61,10,625.905,3/14/2019,11:07,596.1,4.761904762,29.805,5.3
227-50-3718,A,14.62,5,76.755,3/4/2019,12:23,73.1,4.761904762,3.655,4.4
302-15-2162,C,46.53,6,293.139,3/3/2019,10:54,279.18,4.761904762,13.959,4.3
788-07-8452,C,24.24,7,178.164,1/27/2019,17:38,169.68,4.761904762,8.484,9.4
560-49-6611,A,45.58,1,47.859,2/7/2019,14:13,45.58,4.761904762,2.279,9.8
880-35-0356,A,75.2,3,236.88,2/5/2019,11:51,225.6,4.761904762,11.28,4.8
585-11-6748,B,96.8,3,304.92,3/15/2019,13:05,290.4,4.761904762,14.52,5.3
470-31-3286,B,14.82,3,46.683,3/1/2019,11:30,44.46,4.761904762,2.223,8.7
152-68-2907,A,52.2,3,164.43,2/15/2019,13:30,156.6,4.761904762,7.83,9.5
123-35-4896,C,46.66,9,440.937,2/17/2019,19:11,419.94,4.761904762,20.997,5.3
258-69-7810,C,36.85,5,193.4625,1/26/2019,18:53,184.25,4.761904762,9.2125,9.2
334-64-2006,A,70.32,2,147.672,3/24/2019,14:22,140.64,4.761904762,7.032,9.6
219-61-4139,C,83.08,1,87.234,1/23/2019,17:16,83.08,4.761904762,4.154,6.4
881-41-7302,C,64.99,1,68.2395,1/26/2019,10:06,64.99,4.761904762,3.2495,4.5
373-09-4567,C,77.56,10,814.38,3/14/2019,20:35,775.6,4.761904762,38.78,6.9
642-30-6693,B,54.51,6,343.413,3/17/2019,13:54,327.06,4.761904762,16.353,7.8
484-22-8230,C,51.89,7,381.3915,1/8/2019,20:08,363.23,4.761904762,18.1615,4.5
830-58-2383,B,31.75,4,133.35,2/8/2019,15:26,127,4.761904762,6.35,8.6
559-98-9873,A,53.65,7,394.3275,2/10/2019,12:56,375.55,4.761904762,18.7775,5.2
544-32-5024,C,49.79,4,209.118,3/28/2019,19:16,199.16,4.761904762,9.958,6.4
318-12-0304,A,30.61,1,32.1405,1/23/2019,12:20,30.61,4.761904762,1.5305,5.2
349-97-8902,B,57.89,2,121.569,1/17/2019,10:37,115.78,4.761904762,5.789,8.9
421-95-9805,A,28.96,1,30.408,2/7/2019,10:18,28.96,4.761904762,1.448,6.2
277-35-5865,C,98.97,9,935.2665,3/9/2019,11:23,890.73,4.761904762,44.5365,6.7
789-23-8625,B,93.22,3,293.643,1/24/2019,11:45,279.66,4.761904762,13.983,7.2
284-54-4231,C,80.93,1,84.9765,1/19/2019,16:08,80.93,4.761904762,4.0465,9
443-59-0061,A,67.45,10,708.225,2/3/2019,11:25,674.5,4.761904762,33.725,4.2
509-29-3912,A,38.72,9,365.904,3/20/2019,12:24,348.48,4.761904762,17.424,4.2
327-40-9673,B,72.6,6,457.38,1/13/2019,19:51,435.6,4.761904762,21.78,6.9
840-19-2096,C,87.91,5,461.5275,3/14/2019,18:10,439.55,4.761904762,21.9775,4.4
828-46-6863,A,98.53,6,620.739,1/23/2019,11:22,591.18,4.761904762,29.559,4
641-96-3695,C,43.46,6,273.798,2/7/2019,17:55,260.76,4.761904762,13.038,8.5
420-97-3340,A,71.68,3,225.792,3/28/2019,15:30,215.04,4.761904762,10.752,9.2
436-54-4512,A,91.61,1,96.1905,3/20/2019,19:44,91.61,4.761904762,4.5805,9.8
670-79-6321,B,94.59,7,695.2365,1/17/2019,15:27,662.13,4.761904762,33.1065,4.9
852-62-7105,B,83.25,10,874.125,1/12/2019,11:25,832.5,4.761904762,41.625,4.4
598-06-7312,B,91.35,1,95.9175,2/16/2019,15:42,91.35,4.761904762,4.5675,6.8
135-13-8269,B,78.88,2,165.648,1/26/2019,16:04,157.76,4.761904762,7.888,9.1
816-57-2053,A,60.87,2,127.827,3/9/2019,12:37,121.74,4.761904762,6.087,8.7
628-90-8624,B,82.58,10,867.09,3/14/2019,14:41,825.8,4.761904762,41.29,5
856-66-2701,A,53.3,3,167.895,1/25/2019,14:19,159.9,4.761904762,7.995,7.5
308-39-1707,A,12.09,1,12.6945,1/26/2019,18:19,12.09,4.761904762,0.6045,8.2
149-61-1929,A,64.19,10,673.995,1/19/2019,14:08,641.9,4.761904762,32.095,6.7
655-07-2265,A,78.31,3,246.6765,3/5/2019,16:38,234.93,4.761904762,11.7465,5.4
589-02-8023,A,83.77,2,175.917,1/15/2019,10:54,167.54,4.761904762,8.377,7
420-04-7590,B,99.7,3,314.055,3/18/2019,11:29,299.1,4.761904762,14.955,4.7
182-88-2763,B,79.91,3,251.7165,3/20/2019,19:28,239.73,4.761904762,11.9865,5
188-55-0967,B,66.47,10,697.935,1/15/2019,15:01,664.7,4.761904762,33.235,5
610-46-4100,A,28.95,7,212.7825,3/3/2019,20:31,202.65,4.761904762,10.1325,6
318-81-2368,C,46.2,1,48.51,3/19/2019,12:16,46.2,4.761904762,2.31,6.3
364-33-8584,B,17.63,5,92.5575,3/8/2019,15:27,88.15,4.761904762,4.4075,8.5
665-63-9737,B,52.42,3,165.123,2/27/2019,17:36,157.26,4.761904762,7.863,7.5
695-09-5146,B,98.79,3,311.1885,2/23/2019,20:00,296.37,4.761904762,14.8185,6.4
155-45-3814,C,88.55,8,743.82,3/19/2019,15:29,708.4,4.761904762,35.42,4.7
794-32-2436,B,55.67,2,116.907,3/27/2019,15:08,111.34,4.761904762,5.567,6
131-15-8856,C,72.52,8,609.168,3/30/2019,19:26,580.16,4.761904762,29.008,4
273-84-2164,C,12.05,5,63.2625,2/16/2019,15:53,60.25,4.761904762,3.0125,5.5
706-36-6154,A,19.36,9,182.952,1/18/2019,18:43,174.24,4.761904762,8.712,8.7
778-89-7974,C,70.21,6,442.323,3/30/2019,14:58,421.26,4.761904762,21.063,7.4
859-71-0933,C,15.49,2,32.529,1/16/2019,15:10,30.98,4.761904762,1.549,6.3
740-11-5257,C,24.74,10,259.77,2/24/2019,16:44,247.4,4.761904762,12.37,7.1
369-82-2676,B,75.66,5,397.215,1/15/2019,18:22,378.3,4.761904762,18.915,7.8
563-47-4072,B,55.81,6,351.603,1/22/2019,11:52,334.86,4.761904762,16.743,9.9
742-04-5161,A,72.78,10,764.19,2/3/2019,17:24,727.8,4.761904762,36.39,7.3
149-15-7606,B,37.32,9,352.674,3/6/2019,15:31,335.88,4.761904762,16.794,5.1
133-77-3154,B,60.18,4,252.756,2/16/2019,18:04,240.72,4.761904762,12.036,9.4
169-52-4504,A,15.69,3,49.4235,3/14/2019,14:13,47.07,4.761904762,2.3535,5.8
250-81-7186,C,99.69,1,104.6745,2/27/2019,10:23,99.69,4.761904762,4.9845,8
562-12-5430,A,88.15,3,277.6725,1/18/2019,10:11,264.45,4.761904762,13.2225,7.9
816-72-8853,A,27.93,5,146.6325,1/29/2019,15:48,139.65,4.761904762,6.9825,5.9
491-38-3499,A,55.45,1,58.2225,2/26/2019,17:46,55.45,4.761904762,2.7725,4.9
322-02-2271,B,42.97,3,135.3555,2/3/2019,11:46,128.91,4.761904762,6.4455,9.3
842-29-4695,C,17.14,7,125.979,1/16/2019,12:07,119.98,4.761904762,5.999,7.9
725-67-2480,B,58.75,6,370.125,3/24/2019,18:14,352.5,4.761904762,17.625,5.9
641-51-2661,C,87.1,10,914.55,2/12/2019,14:45,871,4.761904762,43.55,9.9
714-02-3114,C,98.8,2,207.48,2/21/2019,11:39,197.6,4.761904762,9.88,7.7
518-17-2983,A,48.63,4,204.246,2/4/2019,15:44,194.52,4.761904762,9.726,7.6
779-42-2410,B,57.74,3,181.881,2/20/2019,13:06,173.22,4.761904762,8.661,7.7
190-14-3147,B,17.97,4,75.474,2/23/2019,20:43,71.88,4.761904762,3.594,6.4
408-66-6712,C,47.71,6,300.573,2/16/2019,14:19,286.26,4.761904762,14.313,4.4
679-22-6530,B,40.62,2,85.302,1/17/2019,10:01,81.24,4.761904762,4.062,4.1
588-47-8641,A,56.04,10,588.42,1/14/2019,19:30,560.4,4.761904762,28.02,4.4
642-61-4706,B,93.4,2,196.14,3/30/2019,16:34,186.8,4.761904762,9.34,5.5
576-31-4774,B,73.41,3,231.2415,3/2/2019,13:10,220.23,4.761904762,11.0115,4
556-41-6224,C,33.64,8,282.576,2/15/2019,17:10,269.12,4.761904762,13.456,9.3
811-03-8790,A,45.48,10,477.54,3/1/2019,10:22,454.8,4.761904762,22.74,4.8
242-11-3142,B,83.77,2,175.917,2/24/2019,19:57,167.54,4.761904762,8.377,4.6
752-23-3760,B,64.08,7,470.988,2/19/2019,19:29,448.56,4.761904762,22.428,7.3
274-05-5470,A,73.47,4,308.574,2/23/2019,18:30,293.88,4.761904762,14.694,6
648-94-3045,C,58.95,10,618.975,2/7/2019,14:27,589.5,4.761904762,29.475,8.1
130-67-4723,A,48.5,6,305.55,1/11/2019,13:57,291,4.761904762,14.55,9.4
528-87-5606,B,39.48,1,41.454,2/12/2019,19:43,39.48,4.761904762,1.974,6.5
320-85-2052,B,34.81,1,36.5505,1/14/2019,10:11,34.81,4.761904762,1.7405,7
370-96-0655,C,49.32,6,310.716,1/9/2019,13:46,295.92,4.761904762,14.796,7.1
105-10-6182,A,21.48,2,45.108,2/27/2019,12:22,42.96,4.761904762,2.148,6.6
510-79-0415,B,23.08,6,145.404,1/24/2019,19:20,138.48,4.761904762,6.924,4.9
241-96-5076,B,49.1,2,103.11,1/8/2019,12:58,98.2,4.761904762,4.91,6.4
767-97-4650,B,64.83,2,136.143,1/8/2019,11:59,129.66,4.761904762,6.483,8
648-83-1321,A,63.56,10,667.38,1/16/2019,17:59,635.6,4.761904762,31.78,4.3
173-57-2300,C,72.88,2,153.048,3/13/2019,12:51,145.76,4.761904762,7.288,6.1
305-03-2383,A,67.1,3,211.365,2/15/2019,10:36,201.3,4.761904762,10.065,7.5
394-55-6384,C,70.19,9,663.2955,1/25/2019,13:38,631.71,4.761904762,31.5855,6.7
266-20-6657,C,55.04,7,404.544,3/12/2019,19:39,385.28,4.761904762,19.264,5.2
689-05-1884,A,48.63,10,510.615,3/4/2019,12:44,486.3,4.761904762,24.315,8.8
196-01-2849,C,73.38,7,539.343,2/10/2019,13:56,513.66,4.761904762,25.683,9.5
372-62-5264,C,52.6,9,497.07,1/16/2019,14:42,473.4,4.761904762,23.67,7.6
800-09-8606,A,87.37,5,458.6925,1/29/2019,19:45,436.85,4.761904762,21.8425,6.6
182-52-7000,A,27.04,4,113.568,1/1/2019,20:26,108.16,4.761904762,5.408,6.9
826-58-8051,B,62.19,4,261.198,1/6/2019,19:46,248.76,4.761904762,12.438,4.3
868-06-0466,A,69.58,9,657.531,2/19/2019,19:38,626.22,4.761904762,31.311,7.8
751-41-9720,C,97.5,10,1023.75,1/12/2019,16:18,975,4.761904762,48.75,8
626-43-7888,C,60.41,8,507.444,2/7/2019,12:23,483.28,4.761904762,24.164,9.6
176-64-7711,B,32.32,3,101.808,3/27/2019,19:11,96.96,4.761904762,4.848,4.3
191-29-0321,B,19.77,10,207.585,2/27/2019,18:57,197.7,4.761904762,9.885,5
729-06-2010,B,80.47,9,760.4415,1/6/2019,11:18,724.23,4.761904762,36.2115,9.2
640-48-5028,B,88.39,9,835.2855,3/2/2019,12:40,795.51,4.761904762,39.7755,6.3
186-79-9562,B,71.77,7,527.5095,3/29/2019,14:06,502.39,4.761904762,25.1195,8.9
162-65-8559,C,68.98,1,72.429,1/21/2019,20:13,68.98,4.761904762,3.449,4.8
760-27-5490,C,15.62,8,131.208,1/20/2019,20:37,124.96,4.761904762,6.248,9.1
445-30-9252,A,25.7,3,80.955,1/17/2019,17:59,77.1,4.761904762,3.855,6.1
786-94-2700,A,80.62,6,507.906,2/28/2019,20:18,483.72,4.761904762,24.186,9.1
728-88-7867,C,75.53,4,317.226,3/19/2019,15:52,302.12,4.761904762,15.106,8.3
183-21-3799,C,77.63,9,733.6035,2/19/2019,15:14,698.67,4.761904762,34.9335,7.2
268-20-3585,C,13.85,9,130.8825,2/4/2019,12:50,124.65,4.761904762,6.2325,6
735-32-9839,C,98.7,8,829.08,1/31/2019,10:36,789.6,4.761904762,39.48,8.5
258-92-7466,A,35.68,5,187.32,2/6/2019,18:33,178.4,4.761904762,8.92,6.6
857-16-3520,A,71.46,7,525.231,3/28/2019,16:06,500.22,4.761904762,25.011,4.5
482-17-1179,A,11.94,3,37.611,1/19/2019,12:47,35.82,4.761904762,1.791,8.1
788-21-5741,A,45.38,3,142.947,2/17/2019,13:34,136.14,4.761904762,6.807,7.2
821-14-9046,B,17.48,6,110.124,1/18/2019,15:04,104.88,4.761904762,5.244,6.1
418-05-0656,B,25.56,7,187.866,2/2/2019,20:42,178.92,4.761904762,8.946,7.1
678-79-0726,C,90.63,9,856.4535,1/18/2019,15:28,815.67,4.761904762,40.7835,5.1
776-68-1096,B,44.12,3,138.978,3/18/2019,13:45,132.36,4.761904762,6.618,7.9
592-46-1692,C,36.77,7,270.2595,1/11/2019,20:10,257.39,4.761904762,12.8695,7.4
434-35-9162,B,23.34,4,98.028,2/4/2019,18:53,93.36,4.761904762,4.668,7.4
149-14-0304,C,28.5,8,239.4,2/6/2019,14:24,228,4.761904762,11.4,6.6
442-44-6497,C,55.57,3,175.0455,1/8/2019,11:42,166.71,4.761904762,8.3355,5.9
174-64-0215,B,69.74,10,732.27,3/5/2019,17:49,697.4,4.761904762,34.87,8.9
210-74-9613,C,97.26,4,408.492,3/16/2019,15:33,389.04,4.761904762,19.452,6.8
299-29-0180,B,52.18,7,383.523,3/9/2019,10:54,365.26,4.761904762,18.263,9.3
247-11-2470,A,22.32,4,93.744,3/1/2019,16:23,89.28,4.761904762,4.464,4.4
635-28-5728,A,56,3,176.4,2/28/2019,19:33,168,4.761904762,8.4,4.8
756-49-0168,A,19.7,1,20.685,2/8/2019,11:39,19.7,4.761904762,0.985,9.5
438-23-1242,B,75.88,7,557.718,1/24/2019,10:38,531.16,4.761904762,26.558,8.9
238-45-6950,B,53.72,1,56.406,3/1/2019,20:03,53.72,4.761904762,2.686,6.4
607-65-2441,C,81.95,10,860.475,3/10/2019,12:39,819.5,4.761904762,40.975,6
386-27-7606,C,81.2,7,596.82,3/23/2019,15:59,568.4,4.761904762,28.42,8.1
137-63-5492,C,58.76,10,616.98,1/29/2019,14:26,587.6,4.761904762,29.38,9
197-77-7132,B,91.56,8,769.104,1/12/2019,18:22,732.48,4.761904762,36.624,6
805-86-0265,A,93.96,9,887.922,3/20/2019,11:32,845.64,4.761904762,42.282,9.8
733-29-1227,C,55.61,7,408.7335,3/23/2019,12:41,389.27,4.761904762,19.4635,8.5
451-73-2711,C,84.83,1,89.0715,1/14/2019,15:20,84.83,4.761904762,4.2415,8.8
373-14-0504,A,71.63,2,150.423,2/12/2019,14:33,143.26,4.761904762,7.163,8.8
546-80-2899,A,37.69,2,79.149,2/20/2019,15:29,75.38,4.761904762,3.769,9.5
345-68-9016,C,31.67,8,266.028,1/2/2019,16:19,253.36,4.761904762,12.668,5.6
390-17-5806,C,38.42,1,40.341,2/2/2019,16:33,38.42,4.761904762,1.921,8.6
457-13-1708,B,65.23,10,684.915,1/8/2019,19:07,652.3,4.761904762,32.615,5.2
664-14-2882,C,10.53,5,55.2825,1/30/2019,14:43,52.65,4.761904762,2.6325,5.8
487-79-6868,B,12.29,9,116.1405,3/26/2019,19:28,110.61,4.761904762,5.5305,8
314-23-4520,C,81.23,7,597.0405,1/15/2019,20:44,568.61,4.761904762,28.4305,9
210-30-7976,B,22.32,4,93.744,3/14/2019,11:16,89.28,4.761904762,4.464,4.1
585-86-8361,A,27.28,5,143.22,2/3/2019,10:31,136.4,4.761904762,6.82,8.6
807-14-7833,A,17.42,10,182.91,2/22/2019,12:30,174.2,4.761904762,8.71,7
775-72-1988,B,73.28,5,384.72,1/24/2019,15:05,366.4,4.761904762,18.32,8.4
288-38-3758,C,84.87,3,267.3405,1/25/2019,18:30,254.61,4.761904762,12.7305,7.4
652-43-6591,A,97.29,8,817.236,3/9/2019,13:18,778.32,4.761904762,38.916,6.2
785-96-0615,B,35.74,8,300.216,2/17/2019,15:28,285.92,4.761904762,14.296,4.9
406-46-7107,A,96.52,6,608.076,1/11/2019,11:52,579.12,4.761904762,28.956,4.5
250-17-5703,A,18.85,10,197.925,2/27/2019,18:24,188.5,4.761904762,9.425,5.6
156-95-3964,A,55.39,4,232.638,3/25/2019,15:19,221.56,4.761904762,11.078,8
842-40-8179,B,77.2,10,810.6,2/11/2019,10:38,772,4.761904762,38.6,5.6
525-09-8450,B,72.13,10,757.365,1/31/2019,15:12,721.3,4.761904762,36.065,4.2
410-67-1709,A,63.88,8,536.592,1/20/2019,17:48,511.04,4.761904762,25.552,9.9
587-73-4862,A,10.69,5,56.1225,3/26/2019,11:07,53.45,4.761904762,2.6725,7.6
787-87-2010,A,55.5,4,233.1,1/20/2019,15:48,222,4.761904762,11.1,6.6
593-14-4239,B,95.46,8,801.864,3/5/2019,19:40,763.68,4.761904762,38.184,4.7
801-88-0346,C,76.06,3,239.589,1/5/2019,20:30,228.18,4.761904762,11.409,9.8
388-76-2555,B,13.69,6,86.247,2/13/2019,13:59,82.14,4.761904762,4.107,6.3
711-31-1234,B,95.64,4,401.688,3/16/2019,18:51,382.56,4.761904762,19.128,7.9
886-54-6089,A,11.43,6,72.009,1/15/2019,17:24,68.58,4.761904762,3.429,7.7
707-32-7409,B,95.54,4,401.268,2/26/2019,11:58,382.16,4.761904762,19.108,4.5
759-98-4285,C,85.87,7,631.1445,2/27/2019,19:01,601.09,4.761904762,30.0545,8
201-63-8275,C,67.99,7,499.7265,2/17/2019,16:50,475.93,4.761904762,23.7965,5.7
200-16-5952,C,65.65,2,137.865,1/17/2019,16:46,131.3,4.761904762,6.565,6
120-54-2248,B,28.86,5,151.515,1/22/2019,18:08,144.3,4.761904762,7.215,8
102-77-2261,C,65.31,7,480.0285,3/5/2019,18:02,457.17,4.761904762,22.8585,4.2
875-31-8302,B,93.38,1,98.049,1/3/2019,13:07,93.38,4.761904762,4.669,9.6
102-06-2002,C,25.25,5,132.5625,3/20/2019,17:52,126.25,4.761904762,6.3125,6.1
457-94-0464,B,87.87,9,830.3715,1/31/2019,20:32,790.83,4.761904762,39.5415,5.6
629-42-4133,C,21.8,8,183.12,2/19/2019,19:24,174.4,4.761904762,8.72,8.3
534-53-3526,A,94.76,4,397.992,2/11/2019,16:06,379.04,4.761904762,18.952,7.8
307-04-2070,A,30.62,1,32.151,2/5/2019,14:14,30.62,4.761904762,1.531,4.1
468-99-7231,C,44.01,8,369.684,3/3/2019,17:36,352.08,4.761904762,17.604,8.8
516-77-6464,C,10.16,5,53.34,2/24/2019,13:08,50.8,4.761904762,2.54,4.1
404-91-5964,A,74.58,7,548.163,2/4/2019,16:09,522.06,4.761904762,26.103,9
886-77-9084,C,71.89,8,603.876,2/19/2019,11:33,575.12,4.761904762,28.756,5.5
790-38-4466,C,10.99,5,57.6975,1/23/2019,10:18,54.95,4.761904762,2.7475,9.3
704-10-4056,C,60.47,3,190.4805,1/14/2019,10:55,181.41,4.761904762,9.0705,5.6
497-37-6538,A,58.91,7,432.9885,1/17/2019,15:15,412.37,4.761904762,20.6185,9.7
651-96-5970,A,46.41,1,48.7305,3/3/2019,20:06,46.41,4.761904762,2.3205,4
400-80-4065,C,68.55,4,287.91,2/15/2019,20:21,274.2,4.761904762,13.71,9.2
744-16-7898,B,97.37,10,1022.385,1/15/2019,13:48,973.7,4.761904762,48.685,4.9
263-12-5321,A,92.6,7,680.61,2/27/2019,12:52,648.2,4.761904762,32.41,9.3
702-72-0487,A,46.61,2,97.881,2/26/2019,12:28,93.22,4.761904762,4.661,6.6
605-83-1050,B,27.18,2,57.078,3/15/2019,16:26,54.36,4.761904762,2.718,4.3
443-60-9639,C,60.87,1,63.9135,1/24/2019,13:24,60.87,4.761904762,3.0435,5.5
864-24-7918,A,24.49,10,257.145,2/22/2019,15:15,244.9,4.761904762,12.245,8.1
359-94-5395,B,92.78,1,97.419,3/15/2019,10:50,92.78,4.761904762,4.639,9.8
401-09-4232,C,86.69,5,455.1225,2/11/2019,18:38,433.45,4.761904762,21.6725,9.4
751-15-6198,B,23.01,6,144.963,1/12/2019,16:45,138.06,4.761904762,6.903,7.9
324-41-6833,C,30.2,8,253.68,3/3/2019,19:30,241.6,4.761904762,12.08,5.1
474-33-8305,C,67.39,7,495.3165,3/23/2019,13:23,471.73,4.761904762,23.5865,6.9
759-29-9521,A,48.96,9,462.672,3/4/2019,11:27,440.64,4.761904762,22.032,8
831-81-6575,B,75.59,9,714.3255,2/23/2019,11:12,680.31,4.761904762,34.0155,8
220-68-6701,A,77.47,4,325.374,3/17/2019,16:36,309.88,4.761904762,15.494,4.2
618-34-8551,A,93.18,2,195.678,1/16/2019,18:41,186.36,4.761904762,9.318,8.5
257-60-7754,A,50.23,4,210.966,1/8/2019,17:12,200.92,4.761904762,10.046,9
559-61-5987,B,17.75,1,18.6375,1/14/2019,10:38,17.75,4.761904762,0.8875,8.6
189-55-2313,C,62.18,10,652.89,1/31/2019,10:33,621.8,4.761904762,31.09,6
565-91-4567,B,10.75,8,90.3,3/15/2019,14:38,86,4.761904762,4.3,6.2
380-60-5336,A,40.26,10,422.73,2/24/2019,18:06,402.6,4.761904762,20.13,5
815-04-6282,C,64.97,5,341.0925,2/8/2019,12:52,324.85,4.761904762,16.2425,6.5
674-56-6360,A,95.15,1,99.9075,3/22/2019,14:00,95.15,4.761904762,4.7575,6
778-34-2523,A,48.62,8,408.408,1/24/2019,10:57,388.96,4.761904762,19.448,5
499-27-7781,B,53.21,8,446.964,3/14/2019,16:45,425.68,4.761904762,21.284,5
477-59-2456,C,45.44,7,333.984,1/23/2019,11:15,318.08,4.761904762,15.904,9.2
832-51-6761,A,33.88,8,284.592,1/19/2019,20:29,271.04,4.761904762,13.552,9.6
869-11-3082,B,96.16,4,403.872,1/27/2019,20:03,384.64,4.761904762,19.232,8.4
190-59-3964,B,47.16,5,247.59,2/3/2019,14:35,235.8,4.761904762,11.79,6
366-43-6862,B,52.89,4,222.138,3/25/2019,16:32,211.56,4.761904762,10.578,6.7
186-43-8965,A,47.68,2,100.128,2/24/2019,10:10,95.36,4.761904762,4.768,4.1
784-21-9238,C,10.17,1,10.6785,2/7/2019,14:15,10.17,4.761904762,0.5085,5.9
276-75-6884,A,68.71,3,216.4365,3/4/2019,10:05,206.13,4.761904762,10.3065,8.7
109-86-4363,B,60.08,7,441.588,2/14/2019,11:36,420.56,4.761904762,21.028,4.5
569-76-2760,A,22.01,4,92.442,1/29/2019,18:15,88.04,4.761904762,4.402,6.6
222-42-0244,B,72.11,9,681.4395,1/28/2019,13:53,648.99,4.761904762,32.4495,7.7
760-53-9233,A,41.28,3,130.032,3/26/2019,18:37,123.84,4.761904762,6.192,8.5
538-22-0304,C,64.95,10,681.975,3/24/2019,18:27,649.5,4.761904762,32.475,5.2
416-17-9926,A,74.22,10,779.31,1/1/2019,14:42,742.2,4.761904762,37.11,4.3
237-44-6163,A,10.56,8,88.704,1/24/2019,17:43,84.48,4.761904762,4.224,7.6
636-17-0325,B,62.57,4,262.794,2/25/2019,18:37,250.28,4.761904762,12.514,9.5
343-75-9322,B,11.85,8,99.54,1/9/2019,16:34,94.8,4.761904762,4.74,4.1
528-14-9470,A,91.3,1,95.865,2/14/2019,14:42,91.3,4.761904762,4.565,9.2
427-45-9297,B,40.73,7,299.3655,3/12/2019,11:01,285.11,4.761904762,14.2555,5.4
807-34-3742,A,52.38,1,54.999,3/26/2019,19:44,52.38,4.761904762,2.619,5.8
288-62-1085,A,38.54,5,202.335,1/9/2019,13:34,192.7,4.761904762,9.635,5.6
670-71-7306,B,44.63,6,281.169,1/2/2019,20:08,267.78,4.761904762,13.389,5.1
660-29-7083,C,55.87,10,586.635,1/15/2019,15:01,558.7,4.761904762,27.935,5.8
271-77-8740,C,29.22,6,184.086,1/1/2019,11:40,175.32,4.761904762,8.766,5
497-36-0989,A,51.94,3,163.611,2/15/2019,15:21,155.82,4.761904762,7.791,7.9
291-59-1384,B,60.3,1,63.315,2/28/2019,17:38,60.3,4.761904762,3.015,6
860-73-6466,A,39.47,2,82.887,3/2/2019,16:16,78.94,4.761904762,3.947,5
549-23-9016,C,14.87,2,31.227,2/13/2019,18:15,29.74,4.761904762,1.487,8.9
896-34-0956,A,21.32,1,22.386,1/26/2019,12:43,21.32,4.761904762,1.066,5.9
804-38-3935,A,93.78,3,295.407,1/30/2019,11:32,281.34,4.761904762,14.067,5.9
585-90-0249,A,73.26,1,76.923,1/27/2019,18:08,73.26,4.761904762,3.663,9.7
862-29-5914,C,22.38,1,23.499,1/30/2019,17:08,22.38,4.761904762,1.119,8.6
845-94-6841,C,72.88,9,688.716,1/8/2019,19:38,655.92,4.761904762,32.796,4
125-45-2293,A,99.1,6,624.33,1/19/2019,13:11,594.6,4.761904762,29.73,4.2
843-73-4724,A,74.1,1,77.805,1/25/2019,11:05,74.1,4.761904762,3.705,9.2
409-33-9708,A,98.48,2,206.808,2/19/2019,10:12,196.96,4.761904762,9.848,9.2
658-66-3967,C,53.19,7,390.9465,1/14/2019,15:42,372.33,4.761904762,18.6165,5
866-70-2814,B,52.79,10,554.295,2/25/2019,11:58,527.9,4.761904762,26.395,10
160-22-2687,A,95.95,5,503.7375,1/23/2019,14:21,479.75,4.761904762,23.9875,8.8
895-03-6665,B,36.51,9,345.0195,2/16/2019,10:52,328.59,4.761904762,16.4295,4.2
770-42-8960,B,21.12,8,177.408,1/1/2019,19:31,168.96,4.761904762,8.448,6.3
748-45-2862,A,28.31,4,118.902,3/7/2019,18:35,113.24,4.761904762,5.662,8.2
234-36-2483,B,57.59,6,362.817,2/15/2019,13:51,345.54,4.761904762,17.277,5.1
316-66-3011,A,47.63,9,450.1035,1/23/2019,12:35,428.67,4.761904762,21.4335,5
848-95-6252,C,86.27,1,90.5835,2/20/2019,13:24,86.27,4.761904762,4.3135,7
840-76-5966,A,12.76,2,26.796,1/8/2019,18:06,25.52,4.761904762,1.276,7.8
152-03-4217,B,11.28,9,106.596,3/17/2019,11:55,101.52,4.761904762,5.076,4.3
533-66-5566,B,51.07,7,375.3645,1/12/2019,11:42,357.49,4.761904762,17.8745,7
124-31-1458,A,79.59,3,250.7085,1/8/2019,14:30,238.77,4.761904762,11.9385,6.6
176-78-1170,C,33.81,3,106.5015,1/26/2019,15:11,101.43,4.761904762,5.0715,7.3
361-59-0574,B,90.53,8,760.452,3/15/2019,14:48,724.24,4.761904762,36.212,6.5
101-81-4070,C,62.82,2,131.922,1/17/2019,12:36,125.64,4.761904762,6.282,4.9
631-34-1880,C,24.31,3,76.5765,1/8/2019,19:09,72.93,4.761904762,3.6465,4.3
852-82-2749,A,64.59,4,271.278,1/6/2019,13:35,258.36,4.761904762,12.918,9.3
873-14-6353,A,24.82,7,182.427,2/16/2019,10:33,173.74,4.761904762,8.687,7.1
584-66-4073,C,56.5,1,59.325,3/13/2019,15:45,56.5,4.761904762,2.825,9.6
544-55-9589,B,21.43,10,225.015,1/28/2019,11:51,214.3,4.761904762,10.715,6.2
166-19-2553,A,89.06,6,561.078,1/18/2019,17:26,534.36,4.761904762,26.718,9.9
737-88-5876,A,23.29,4,97.818,3/19/2019,11:52,93.16,4.761904762,4.658,5.9
154-87-7367,C,65.26,8,548.184,3/15/2019,14:04,522.08,4.761904762,26.104,6.3
885-56-0389,C,52.35,1,54.9675,2/12/2019,17:49,52.35,4.761904762,2.6175,4
608-05-3804,B,39.75,1,41.7375,2/25/2019,20:19,39.75,4.761904762,1.9875,6.1
448-61-3783,A,90.02,8,756.168,3/21/2019,16:08,720.16,4.761904762,36.008,4.5
761-49-0439,B,12.1,8,101.64,1/19/2019,10:17,96.8,4.761904762,4.84,8.6
490-95-0021,B,33.21,10,348.705,1/8/2019,14:25,332.1,4.761904762,16.605,6
115-38-7388,C,10.18,8,85.512,3/30/2019,12:51,81.44,4.761904762,4.072,9.5
311-13-6971,B,31.99,10,335.895,2/20/2019,15:18,319.9,4.761904762,15.995,9.9
291-55-6563,A,34.42,6,216.846,3/30/2019,12:45,206.52,4.761904762,10.326,7.5
548-48-3156,A,83.34,2,175.014,3/19/2019,13:37,166.68,4.761904762,8.334,7.6
460-93-5834,A,45.58,7,335.013,1/13/2019,10:03,319.06,4.761904762,15.953,5
325-89-4209,A,87.9,1,92.295,2/5/2019,19:42,87.9,4.761904762,4.395,6.7
884-80-6021,A,73.47,10,771.435,3/23/2019,13:14,734.7,4.761904762,36.735,9.5
137-74-8729,C,12.19,8,102.396,3/13/2019,12:47,97.52,4.761904762,4.876,6.8
880-46-5796,A,76.92,10,807.66,3/17/2019,19:53,769.2,4.761904762,38.46,5.6
389-70-2397,C,83.66,5,439.215,2/21/2019,10:26,418.3,4.761904762,20.915,7.2
114-35-5271,B,57.91,8,486.444,2/7/2019,15:06,463.28,4.761904762,23.164,8.1
607-76-6216,C,92.49,5,485.5725,3/2/2019,16:35,462.45,4.761904762,23.1225,8.6
715-20-1673,B,28.38,5,148.995,3/6/2019,20:57,141.9,4.761904762,7.095,9.4
811-35-1094,B,50.45,6,317.835,2/6/2019,15:16,302.7,4.761904762,15.135,8.9
699-88-1972,B,99.16,8,832.944,1/28/2019,17:47,793.28,4.761904762,39.664,4.2
781-84-8059,C,60.74,7,446.439,1/18/2019,16:23,425.18,4.761904762,21.259,5
409-49-6995,C,47.27,6,297.801,2/5/2019,10:17,283.62,4.761904762,14.181,8.8
725-54-0677,C,85.6,7,629.16,3/2/2019,13:50,599.2,4.761904762,29.96,5.3
146-09-5432,A,35.04,9,331.128,2/9/2019,19:17,315.36,4.761904762,15.768,4.6
377-79-7592,C,44.84,9,423.738,1/14/2019,14:00,403.56,4.761904762,20.178,7.5
509-10-0516,B,45.97,4,193.074,2/9/2019,12:02,183.88,4.761904762,9.194,5.1
595-94-9924,A,27.73,5,145.5825,3/26/2019,20:21,138.65,4.761904762,6.9325,4.2
865-41-9075,A,11.53,7,84.7455,1/28/2019,17:35,80.71,4.761904762,4.0355,8.1
545-07-8534,C,58.32,2,122.472,2/14/2019,12:42,116.64,4.761904762,5.832,6
118-62-1812,C,78.38,4,329.196,3/24/2019,17:56,313.52,4.761904762,15.676,7.9
450-42-3339,C,84.61,10,888.405,2/9/2019,18:58,846.1,4.761904762,42.305,8.8
851-98-3555,B,82.88,5,435.12,3/24/2019,14:08,414.4,4.761904762,20.72,6.6
186-71-5196,A,79.54,2,167.034,3/27/2019,16:30,159.08,4.761904762,7.954,6.2
624-01-8356,B,49.01,10,514.605,1/27/2019,10:44,490.1,4.761904762,24.505,4.2
313-66-9943,B,29.15,3,91.8225,3/27/2019,20:29,87.45,4.761904762,4.3725,7.3
151-27-8496,C,56.13,4,235.746,1/19/2019,11:43,224.52,4.761904762,11.226,8.6
453-33-6436,A,93.12,8,782.208,2/7/2019,10:09,744.96,4.761904762,37.248,6.8
522-57-8364,A,51.34,8,431.256,1/31/2019,10:00,410.72,4.761904762,20.536,7.6
459-45-2396,A,99.6,3,313.74,2/25/2019,18:45,298.8,4.761904762,14.94,5.8
717-96-4189,C,35.49,6,223.587,2/2/2019,12:40,212.94,4.761904762,10.647,4.1
722-13-2115,C,42.85,1,44.9925,3/14/2019,15:36,42.85,4.761904762,2.1425,9.3
749-81-8133,A,94.67,4,397.614,3/11/2019,12:04,378.68,4.761904762,18.934,6.8
777-67-2495,B,68.97,3,217.2555,2/22/2019,11:26,206.91,4.761904762,10.3455,8.7
636-98-3364,B,26.26,3,82.719,3/2/2019,12:36,78.78,4.761904762,3.939,6.3
246-55-6923,C,35.79,9,338.2155,3/10/2019,15:06,322.11,4.761904762,16.1055,5.1
181-82-6255,B,16.37,6,103.131,2/8/2019,10:58,98.22,4.761904762,4.911,7
838-02-1821,C,12.73,2,26.733,2/22/2019,12:10,25.46,4.761904762,1.273,5.2
887-42-0517,C,83.14,7,611.079,1/10/2019,10:31,581.98,4.761904762,29.099,6.6
457-12-0244,C,35.22,6,221.886,3/14/2019,13:49,211.32,4.761904762,10.566,6.5
226-34-0034,B,13.78,4,57.876,1/10/2019,11:10,55.12,4.761904762,2.756,9
321-49-7382,B,88.31,1,92.7255,2/15/2019,17:38,88.31,4.761904762,4.4155,5.2
397-25-8725,A,39.62,9,374.409,1/13/2019,17:54,356.58,4.761904762,17.829,6.8
431-66-2305,B,88.25,9,833.9625,2/15/2019,20:51,794.25,4.761904762,39.7125,7.6
825-94-5922,B,25.31,2,53.151,3/2/2019,19:26,50.62,4.761904762,2.531,7.2
641-62-7288,B,99.92,6,629.496,3/24/2019,13:33,599.52,4.761904762,29.976,7.1
756-93-1854,C,83.35,2,175.035,2/2/2019,14:05,166.7,4.761904762,8.335,9.5
243-55-8457,A,74.44,10,781.62,2/27/2019,11:40,744.4,4.761904762,37.22,5.1
458-10-8612,C,64.08,7,470.988,1/20/2019,12:27,448.56,4.761904762,22.428,7.6
501-61-1753,B,63.15,6,397.845,1/3/2019,20:24,378.9,4.761904762,18.945,9.8
235-06-8510,C,85.72,3,270.018,1/24/2019,20:59,257.16,4.761904762,12.858,5.1
433-08-7822,C,78.89,7,579.8415,1/5/2019,19:48,552.23,4.761904762,27.6115,7.5
361-85-2571,A,89.48,5,469.77,3/30/2019,10:18,447.4,4.761904762,22.37,7.4
131-70-8179,A,92.09,3,290.0835,2/17/2019,16:27,276.27,4.761904762,13.8135,4.2
500-02-2261,C,57.29,6,360.927,3/21/2019,17:04,343.74,4.761904762,17.187,5.9
720-72-2436,A,66.52,4,279.384,3/2/2019,18:14,266.08,4.761904762,13.304,6.9
702-83-5291,C,99.82,9,943.299,3/27/2019,10:43,898.38,4.761904762,44.919,6.6
809-69-9497,A,45.68,10,479.64,1/19/2019,19:30,456.8,4.761904762,22.84,5.7
449-16-6770,A,50.79,5,266.6475,2/19/2019,14:53,253.95,4.761904762,12.6975,5.3
333-23-2632,A,10.08,7,74.088,3/28/2019,20:14,70.56,4.761904762,3.528,4.2
489-82-1237,A,93.88,7,690.018,1/5/2019,11:51,657.16,4.761904762,32.858,7.3
859-97-6048,C,84.25,2,176.925,3/26/2019,14:13,168.5,4.761904762,8.425,5.3
676-10-2200,B,53.78,1,56.469,2/3/2019,20:13,53.78,4.761904762,2.689,4.7
373-88-1424,C,35.81,5,188.0025,2/6/2019,18:44,179.05,4.761904762,8.9525,7.9
365-16-4334,B,26.43,8,222.012,2/24/2019,14:26,211.44,4.761904762,10.572,8.9
503-21-4385,B,39.91,3,125.7165,2/21/2019,12:40,119.73,4.761904762,5.9865,9.3
305-89-2768,B,21.9,3,68.985,1/9/2019,18:43,65.7,4.761904762,3.285,4.7
574-80-1489,B,62.85,4,263.97,2/25/2019,13:22,251.4,4.761904762,12.57,8.7
784-08-0310,C,21.04,4,88.368,1/13/2019,13:58,84.16,4.761904762,4.208,7.6
200-40-6154,B,65.91,6,415.233,2/9/2019,11:45,395.46,4.761904762,19.773,5.7
846-10-0341,A,42.57,7,312.8895,1/6/2019,11:51,297.99,4.761904762,14.8995,6.8
577-34-7579,C,50.49,9,477.1305,1/10/2019,17:16,454.41,4.761904762,22.7205,5.4
430-02-3888,B,46.02,6,289.926,2/7/2019,15:55,276.12,4.761904762,13.806,7.1
867-47-1948,C,15.8,10,165.9,1/9/2019,12:07,158,4.761904762,7.9,7.8
384-59-6655,A,98.66,9,932.337,2/19/2019,15:07,887.94,4.761904762,44.397,8.4
256-58-3609,C,91.98,1,96.579,3/18/2019,15:29,91.98,4.761904762,4.599,9.8
324-92-3863,A,20.89,2,43.869,2/5/2019,18:45,41.78,4.761904762,2.089,9.8
593-08-5916,A,15.5,1,16.275,3/19/2019,15:23,15.5,4.761904762,0.775,7.4
364-34-2972,C,96.82,3,304.983,3/30/2019,20:37,290.46,4.761904762,14.523,6.7
794-42-3736,B,33.33,2,69.993,1/26/2019,14:41,66.66,4.761904762,3.333,6.4
172-42-8274,B,38.27,2,80.367,3/2/2019,18:18,76.54,4.761904762,3.827,5.8
558-60-5016,A,33.3,9,314.685,3/4/2019,15:27,299.7,4.761904762,14.985,7.2
195-06-0432,A,81.01,3,255.1815,1/13/2019,12:55,243.03,4.761904762,12.1515,9.3
605-03-2706,A,15.8,3,49.77,3/25/2019,18:02,47.4,4.761904762,2.37,9.5
214-30-2776,B,34.49,5,181.0725,3/11/2019,19:44,172.45,4.761904762,8.6225,9
746-04-1077,B,84.63,10,888.615,1/1/2019,11:36,846.3,4.761904762,42.315,9
448-34-8700,B,36.91,7,271.2885,2/10/2019,13:51,258.37,4.761904762,12.9185,6.7
452-04-8808,B,87.08,7,640.038,1/26/2019,15:17,609.56,4.761904762,30.478,5.5
531-56-4728,A,80.08,3,252.252,2/11/2019,15:29,240.24,4.761904762,12.012,5.4
744-82-9138,C,86.13,2,180.873,2/7/2019,17:59,172.26,4.761904762,8.613,8.2
883-69-1285,B,49.92,2,104.832,3/6/2019,11:55,99.84,4.761904762,4.992,7
221-25-5073,A,74.66,4,313.572,3/4/2019,10:39,298.64,4.761904762,14.932,8.5
518-71-6847,B,26.6,6,167.58,2/26/2019,15:10,159.6,4.761904762,7.98,4.9
156-20-0370,B,25.45,1,26.7225,3/10/2019,18:10,25.45,4.761904762,1.2725,5.1
151-33-7434,B,67.77,1,71.1585,2/4/2019,20:43,67.77,4.761904762,3.3885,6.5
728-47-9078,C,59.59,4,250.278,1/19/2019,12:46,238.36,4.761904762,11.918,9.8
809-46-1866,A,58.15,4,244.23,1/23/2019,17:44,232.6,4.761904762,11.63,8.4
139-32-4183,A,97.48,9,921.186,3/14/2019,14:19,877.32,4.761904762,43.866,7.4
148-41-7930,C,99.96,7,734.706,1/23/2019,10:33,699.72,4.761904762,34.986,6.1
189-40-5216,C,96.37,7,708.3195,1/9/2019,11:40,674.59,4.761904762,33.7295,6
374-38-5555,B,63.71,5,334.4775,2/7/2019,19:30,318.55,4.761904762,15.9275,8.5
764-44-8999,B,14.76,2,30.996,2/18/2019,14:42,29.52,4.761904762,1.476,4.3
552-44-5977,B,62,8,520.8,1/3/2019,19:08,496,4.761904762,24.8,6.2
267-62-7380,C,82.34,10,864.57,3/29/2019,19:12,823.4,4.761904762,41.17,4.3
430-53-4718,B,75.37,8,633.108,1/28/2019,15:46,602.96,4.761904762,30.148,8.4
886-18-2897,A,56.56,5,296.94,3/22/2019,19:06,282.8,4.761904762,14.14,4.5
602-16-6955,B,76.6,10,804.3,1/24/2019,18:10,766,4.761904762,38.3,6
745-74-0715,A,58.03,2,121.863,3/10/2019,20:46,116.06,4.761904762,5.803,8.8
690-01-6631,B,17.49,10,183.645,2/22/2019,18:35,174.9,4.761904762,8.745,6.6
652-49-6720,C,60.95,1,63.9975,2/18/2019,11:40,60.95,4.761904762,3.0475,5.9
233-67-5758,C,40.35,1,42.3675,1/29/2019,13:46,40.35,4.761904762,2.0175,6.2
303-96-2227,B,97.38,10,1022.49,3/2/2019,17:16,973.8,4.761904762,48.69,4.4
727-02-1313,A,31.84,1,33.432,2/9/2019,13:22,31.84,4.761904762,1.592,7.7
347-56-2442,A,65.82,1,69.111,2/22/2019,15:33,65.82,4.761904762,3.291,4.1
849-09-3807,A,88.34,7,649.299,2/18/2019,13:28,618.38,4.761904762,30.919,6.6
